{
  "type": "FeatureCollection",
  "generator": "overpass-turbo",
  "copyright": "The data included in this document is from www.openstreetmap.org. The data is made available under ODbL.",
  "timestamp": "2026-09-10T18:45:35Z",
  "features": [
    {
      "type": "Feature",
      "properties": {
        "@id": "way/22840820",
        "highway": "tertiary",
        "name": "Prabhat Path",
        "name:mr": "प्रभात पथ"
      },
      "geometry": {
        "type": "LineString",
        "coordinates": [
          [
            73.8414998,
            18.5138464
          ],
          [
            73.8413582,
            18.513872
          ],
          [
            73.8408589,
            18.5139622
          ],
          [
            73.8405961,
            18.5140023
          ],
          [
            73.8402509,
            18.5140331
          ],
          [
            73.8401003,
            18.5140466
          ],
          [
            73.8394209,
            18.5141123
          ],
          [
            73.8391719,
            18.5141364
          ],
          [
            73.8386575,
            18.5141621
          ],
          [
            73.8385844,
            18.5141657
          ],
          [
            73.8385008,
            18.5141501
          ],
          [
            73.8383718,
            18.5141261
          ],
          [
            73.8382063,
            18.5140953
          ],
          [
            73.83749,
            18.513962
          ],
          [
            73.8372884,
            18.5139297
          ],
          [
            73.8368567,
            18.5139265
          ],
          [
            73.836739,
            18.5139256
          ],
          [
            73.8365564,
            18.5139243
          ],
          [
            73.8362069,
            18.5139216
          ],
          [
            73.8355252,
            18.5139677
          ],
          [
            73.8352942,
            18.5139928
          ],
          [
            73.8350467,
            18.5140303
          ],
          [
            73.8348069,
            18.5140666
          ],
          [
            73.8346355,
            18.5140926
          ],
          [
            73.8345234,
            18.5141155
          ],
          [
            73.8341093,
            18.5142002
          ],
          [
            73.8338015,
            18.5142631
          ],
          [
            73.8329891,
            18.5144904
          ],
          [
            73.8329125,
            18.5145118
          ],
          [
            73.8327499,
            18.5145503
          ],
          [
            73.8325649,
            18.5145942
          ],
          [
            73.8324632,
            18.5146142
          ],
          [
            73.8323727,
            18.514632
          ],
          [
            73.8318803,
            18.5147286
          ],
          [
            73.8313974,
            18.5147794
          ],
          [
            73.8304978,
            18.5149947
          ],
          [
            73.828981,
            18.5153696
          ]
        ]
      },
      "id": "way/22840820"
    },
    {
      "type": "Feature",
      "properties": {
        "@id": "way/22840866",
        "highway": "residential",
        "name": "Aravind Ranade Path",
        "name:mr": "अरविंद रानडे पथ",
        "oneway": "yes"
      },
      "geometry": {
        "type": "LineString",
        "coordinates": [
          [
            73.8418664,
            18.5163955
          ],
          [
            73.8417795,
            18.5163724
          ],
          [
            73.8413194,
            18.5162502
          ],
          [
            73.8408584,
            18.5161344
          ]
        ]
      },
      "id": "way/22840866"
    },
    {
      "type": "Feature",
      "properties": {
        "@id": "way/22840867",
        "highway": "residential",
        "name": "Bhalba Kelkar Path",
        "name:mr": "भालबा केळकर पथ"
      },
      "geometry": {
        "type": "LineString",
        "coordinates": [
          [
            73.8392602,
            18.5160393
          ],
          [
            73.8391671,
            18.5156369
          ],
          [
            73.8391286,
            18.515431
          ],
          [
            73.8391405,
            18.5151323
          ],
          [
            73.8391907,
            18.5147926
          ],
          [
            73.8392447,
            18.5144902
          ],
          [
            73.8391719,
            18.5141364
          ]
        ]
      },
      "id": "way/22840867"
    },
    {
      "type": "Feature",
      "properties": {
        "@id": "way/22840906",
        "alt_name": "Lakadi Pul",
        "alt_name:mr": "लकडी पूल",
        "highway": "primary",
        "name": "Sambhaji Bridge",
        "name:etymology:wikidata": "Q2737041",
        "name:mr": "संभाजी पूल",
        "oneway": "yes"
      },
      "geometry": {
        "type": "LineString",
        "coordinates": [
          [
            73.8435407,
            18.5130608
          ],
          [
            73.8436545,
            18.5129713
          ],
          [
            73.8437732,
            18.5128789
          ],
          [
            73.8437766,
            18.5128754
          ],
          [
            73.8438536,
            18.5128013
          ]
        ]
      },
      "id": "way/22840906"
    },
    {
      "type": "Feature",
      "properties": {
        "@id": "way/22840911",
        "highway": "tertiary",
        "name": "Narsimha Chintaman Kelkar Marg",
        "name:etymology:wikidata": "Q3633474",
        "name:mr": "नरसिंह चिंतामण केळकर मार्ग",
        "oneway": "yes"
      },
      "geometry": {
        "type": "LineString",
        "coordinates": [
          [
            73.8439554,
            18.5128496
          ],
          [
            73.8441106,
            18.5130559
          ],
          [
            73.8443831,
            18.5134183
          ],
          [
            73.8447087,
            18.5138185
          ]
        ]
      },
      "id": "way/22840911"
    },
    {
      "type": "Feature",
      "properties": {
        "@id": "way/22840963",
        "alt_name": "Apte Road",
        "hgv": "no",
        "highway": "tertiary",
        "lit": "yes",
        "maxheight": "3.2",
        "name": "Apte Path",
        "name:mr": "आपटे पथ",
        "surface": "asphalt"
      },
      "geometry": {
        "type": "LineString",
        "coordinates": [
          [
            73.8424544,
            18.517397
          ],
          [
            73.8424678,
            18.5174462
          ],
          [
            73.8425696,
            18.5178189
          ],
          [
            73.8427003,
            18.5181364
          ],
          [
            73.8427537,
            18.5182549
          ],
          [
            73.842814,
            18.5184017
          ],
          [
            73.8428779,
            18.5185223
          ],
          [
            73.8429309,
            18.5186223
          ],
          [
            73.8431391,
            18.5190151
          ],
          [
            73.8432845,
            18.5193973
          ],
          [
            73.8433205,
            18.5194921
          ],
          [
            73.84336,
            18.519596
          ],
          [
            73.8434309,
            18.5197824
          ],
          [
            73.843475,
            18.5198959
          ],
          [
            73.8435319,
            18.5200421
          ],
          [
            73.8435739,
            18.5201538
          ],
          [
            73.8436175,
            18.5202699
          ],
          [
            73.8437166,
            18.5205337
          ],
          [
            73.8437452,
            18.5206131
          ],
          [
            73.8438616,
            18.5209358
          ],
          [
            73.8438712,
            18.5209625
          ],
          [
            73.8439151,
            18.5210969
          ],
          [
            73.8439339,
            18.5211573
          ],
          [
            73.8440106,
            18.5214031
          ],
          [
            73.8441209,
            18.5217604
          ],
          [
            73.8441662,
            18.521907
          ],
          [
            73.8442394,
            18.5221442
          ],
          [
            73.8444254,
            18.522739
          ],
          [
            73.8445656,
            18.5232123
          ]
        ]
      },
      "id": "way/22840963"
    },
    {
      "type": "Feature",
      "properties": {
        "@id": "way/22972725",
        "highway": "tertiary",
        "name": "Narsimha Chintaman Kelkar Marg",
        "name:etymology:wikidata": "Q3633474",
        "name:mr": "नरसिंह चिंतामण केळकर मार्ग",
        "oneway": "no"
      },
      "geometry": {
        "type": "LineString",
        "coordinates": [
          [
            73.8447087,
            18.5138185
          ],
          [
            73.8451957,
            18.5143544
          ],
          [
            73.8455485,
            18.5147426
          ],
          [
            73.8460238,
            18.5153025
          ],
          [
            73.8461386,
            18.5154313
          ],
          [
            73.8463563,
            18.5156222
          ],
          [
            73.8463906,
            18.5156485
          ],
          [
            73.8464374,
            18.5156845
          ],
          [
            73.8467218,
            18.5157742
          ],
          [
            73.8468129,
            18.5158043
          ],
          [
            73.8469055,
            18.5158393
          ],
          [
            73.8469972,
            18.515874
          ],
          [
            73.8472835,
            18.5159663
          ],
          [
            73.8475116,
            18.5160293
          ],
          [
            73.8477955,
            18.516113
          ],
          [
            73.8479629,
            18.5161515
          ]
        ]
      },
      "id": "way/22972725"
    },
    {
      "type": "Feature",
      "properties": {
        "@id": "way/23016234",
        "highway": "tertiary",
        "name": "Shivram Mhatre Path",
        "name:mr": "शिवराम म्हात्रे पथ"
      },
      "geometry": {
        "type": "LineString",
        "coordinates": [
          [
            73.8431556,
            18.5112421
          ],
          [
            73.8430925,
            18.5112367
          ],
          [
            73.842266,
            18.5111661
          ],
          [
            73.8421828,
            18.5111629
          ],
          [
            73.8421281,
            18.5111817
          ],
          [
            73.8420571,
            18.5112238
          ],
          [
            73.8420168,
            18.5112563
          ]
        ]
      },
      "id": "way/23016234"
    },
    {
      "type": "Feature",
      "properties": {
        "@id": "way/23016235",
        "highway": "secondary"
      },
      "geometry": {
        "type": "LineString",
        "coordinates": [
          [
            73.8393898,
            18.5107362
          ],
          [
            73.8392669,
            18.5108015
          ],
          [
            73.8390249,
            18.5108559
          ],
          [
            73.838933,
            18.5108765
          ],
          [
            73.8382277,
            18.511035
          ],
          [
            73.8378501,
            18.5111802
          ],
          [
            73.8375271,
            18.5114021
          ],
          [
            73.8374999,
            18.5114257
          ]
        ]
      },
      "id": "way/23016235"
    },
    {
      "type": "Feature",
      "properties": {
        "@id": "way/23016237",
        "bridge": "yes",
        "highway": "secondary",
        "layer": "1",
        "name": "S. M. Joshi Bridge",
        "name:etymology:wikidata": "Q10982988",
        "name:mr": "एस. एम. जोशी पूल",
        "surface": "asphalt"
      },
      "geometry": {
        "type": "LineString",
        "coordinates": [
          [
            73.8406685,
            18.5094357
          ],
          [
            73.840642,
            18.5094627
          ],
          [
            73.8394879,
            18.5106364
          ],
          [
            73.8393898,
            18.5107362
          ]
        ]
      },
      "id": "way/23016237"
    },
    {
      "type": "Feature",
      "properties": {
        "@id": "way/23016238",
        "auto_rickshaw": "no",
        "bicycle": "yes",
        "bridge": "yes",
        "foot": "yes",
        "goods": "no",
        "hgv": "no",
        "highway": "tertiary",
        "layer": "1",
        "motorcar": "no",
        "motorcycle": "yes",
        "name": "Chavan Bridge",
        "name:etymology:wikidata": "Q1764541",
        "name:mr": "यशवंतराव चव्हाण पूल",
        "oneway": "yes"
      },
      "geometry": {
        "type": "LineString",
        "coordinates": [
          [
            73.8419446,
            18.5112963
          ],
          [
            73.8416515,
            18.5116453
          ],
          [
            73.8412833,
            18.5120875
          ],
          [
            73.8409857,
            18.5124481
          ],
          [
            73.8407908,
            18.5127049
          ]
        ]
      },
      "id": "way/23016238"
    },
    {
      "type": "Feature",
      "properties": {
        "@id": "way/23016239",
        "bicycle": "yes",
        "foot": "yes",
        "goods": "no",
        "hgv": "no",
        "highway": "tertiary",
        "lane_markings": "no",
        "motorcar": "no",
        "motorcycle": "yes",
        "name": "Yashwantrao Chavan Bridge",
        "name:etymology:wikidata": "Q1764541",
        "name:mr": "यशवंतराव चव्हाण पूल",
        "oneway": "yes",
        "surface": "asphalt"
      },
      "geometry": {
        "type": "LineString",
        "coordinates": [
          [
            73.8407908,
            18.5127049
          ],
          [
            73.8405966,
            18.5130149
          ],
          [
            73.8405641,
            18.5130809
          ]
        ]
      },
      "id": "way/23016239"
    },
    {
      "type": "Feature",
      "properties": {
        "@id": "way/30876504",
        "highway": "tertiary",
        "name": "R. B. Kumthekar Marg",
        "name:mr": "रा. ब. कुमठेकर मार्ग",
        "oneway": "yes"
      },
      "geometry": {
        "type": "LineString",
        "coordinates": [
          [
            73.8438536,
            18.5128013
          ],
          [
            73.8440806,
            18.5128135
          ],
          [
            73.8442364,
            18.5128181
          ],
          [
            73.8442915,
            18.5128225
          ],
          [
            73.8446782,
            18.51288
          ],
          [
            73.8447895,
            18.5128912
          ],
          [
            73.8448644,
            18.5128987
          ],
          [
            73.8455389,
            18.5129635
          ],
          [
            73.8467444,
            18.5130861
          ],
          [
            73.8473191,
            18.5131412
          ],
          [
            73.8484952,
            18.5132652
          ]
        ]
      },
      "id": "way/30876504"
    },
    {
      "type": "Feature",
      "properties": {
        "@id": "way/51874380",
        "highway": "tertiary",
        "name": "Kashibai Amrutrao Khilare Path",
        "name:mr": "काशीबाई अमृतराव खिलारे पथ"
      },
      "geometry": {
        "type": "LineString",
        "coordinates": [
          [
            73.8382277,
            18.511035
          ],
          [
            73.8379295,
            18.5106666
          ],
          [
            73.8377125,
            18.5103984
          ],
          [
            73.8375653,
            18.5102468
          ],
          [
            73.8375322,
            18.5102127
          ],
          [
            73.8371734,
            18.5098435
          ],
          [
            73.8370833,
            18.5097677
          ],
          [
            73.8364334,
            18.5092206
          ],
          [
            73.8359736,
            18.508869
          ],
          [
            73.8357765,
            18.5087183
          ],
          [
            73.8356257,
            18.508603
          ],
          [
            73.8354409,
            18.508472
          ],
          [
            73.8353505,
            18.5084092
          ],
          [
            73.8350925,
            18.5082299
          ],
          [
            73.8350618,
            18.5082086
          ],
          [
            73.8346784,
            18.5079421
          ],
          [
            73.8345713,
            18.5078836
          ],
          [
            73.8343595,
            18.507768
          ],
          [
            73.8342118,
            18.5076874
          ],
          [
            73.8338089,
            18.5074674
          ],
          [
            73.8337517,
            18.5074362
          ],
          [
            73.8335752,
            18.5073398
          ],
          [
            73.8335484,
            18.5073252
          ],
          [
            73.8334536,
            18.5072735
          ],
          [
            73.8323857,
            18.5068897
          ]
        ]
      },
      "id": "way/51874380"
    },
    {
      "type": "Feature",
      "properties": {
        "@id": "way/53088328",
        "alt_name": "Lakadi Pul",
        "alt_name:mr": "लकडी पूल",
        "bicycle": "no",
        "bridge": "yes",
        "foot": "yes",
        "highway": "primary",
        "layer": "1",
        "motorcycle": "yes",
        "name": "Sambhaji Bridge",
        "name:etymology:wikidata": "Q2737041",
        "name:mr": "संभाजी पूल",
        "oneway": "yes",
        "surface": "asphalt"
      },
      "geometry": {
        "type": "LineString",
        "coordinates": [
          [
            73.8426566,
            18.5141723
          ],
          [
            73.8433907,
            18.5132494
          ],
          [
            73.8435407,
            18.5130608
          ]
        ]
      },
      "id": "way/53088328"
    },
    {
      "type": "Feature",
      "properties": {
        "@id": "way/53744465",
        "highway": "residential",
        "lane_markings": "no",
        "name": "Jnana Prabodhini Marg",
        "name:etymology:wikidata": "Q6203925",
        "name:mr": "ज्ञान प्रबोधिनी मार्ग",
        "surface": "asphalt"
      },
      "geometry": {
        "type": "LineString",
        "coordinates": [
          [
            73.8457311,
            18.5118397
          ],
          [
            73.8472133,
            18.5120354
          ],
          [
            73.8474539,
            18.5120672
          ]
        ]
      },
      "id": "way/53744465"
    },
    {
      "type": "Feature",
      "properties": {
        "@id": "way/53744468",
        "highway": "tertiary",
        "name": "Shivram Mhatre Path",
        "name:mr": "शिवराम म्हात्रे पथ"
      },
      "geometry": {
        "type": "LineString",
        "coordinates": [
          [
            73.8450707,
            18.5114645
          ],
          [
            73.84475,
            18.5114244
          ],
          [
            73.8440763,
            18.5113254
          ],
          [
            73.8435594,
            18.5112761
          ],
          [
            73.8433144,
            18.5112528
          ],
          [
            73.8432571,
            18.5112473
          ]
        ]
      },
      "id": "way/53744468"
    },
    {
      "type": "Feature",
      "properties": {
        "@id": "way/53744474",
        "bicycle": "yes",
        "cycleway": "no",
        "foot": "yes",
        "highway": "residential",
        "name": "Ahitagni Rajwade Marg",
        "name:mr": "अहिताग्नी राजवाडे मार्ग",
        "oneway": "no",
        "sidewalk": "both"
      },
      "geometry": {
        "type": "LineString",
        "coordinates": [
          [
            73.845601,
            18.5122713
          ],
          [
            73.8474021,
            18.5124798
          ]
        ]
      },
      "id": "way/53744474"
    },
    {
      "type": "Feature",
      "properties": {
        "@id": "way/53744511",
        "highway": "tertiary",
        "lane_markings": "no",
        "name": "Chhatrapati Sambhaji Path",
        "name:etymology:wikidata": "Q2737041",
        "name:mr": "छत्रपती संभाजी पथ",
        "surface": "asphalt"
      },
      "geometry": {
        "type": "LineString",
        "coordinates": [
          [
            73.8453115,
            18.513457
          ],
          [
            73.8454826,
            18.513116
          ],
          [
            73.8455389,
            18.5129635
          ],
          [
            73.8455737,
            18.5128313
          ],
          [
            73.845601,
            18.5122713
          ],
          [
            73.8456354,
            18.5120797
          ],
          [
            73.8456752,
            18.5119575
          ],
          [
            73.8457311,
            18.5118397
          ],
          [
            73.8458554,
            18.5115748
          ],
          [
            73.8458969,
            18.5114363
          ],
          [
            73.8459437,
            18.5111878
          ]
        ]
      },
      "id": "way/53744511"
    },
    {
      "type": "Feature",
      "properties": {
        "@id": "way/53744641",
        "highway": "residential",
        "name": "L. B. Bhopatkar Marg",
        "name:etymology:wikidata": "Q19811999",
        "name:mr": "ल. ब. भोपटकर मार्ग"
      },
      "geometry": {
        "type": "LineString",
        "coordinates": [
          [
            73.8459437,
            18.5111878
          ],
          [
            73.8465504,
            18.5112539
          ],
          [
            73.8475424,
            18.5113619
          ],
          [
            73.8486775,
            18.5114805
          ],
          [
            73.8506617,
            18.5117016
          ]
        ]
      },
      "id": "way/53744641"
    },
    {
      "type": "Feature",
      "properties": {
        "@id": "way/53744711",
        "highway": "residential",
        "name": "Rashtrabhasha Bhavan Marg",
        "name:mr": "राष्ट्रभाषा भवन मार्ग",
        "oneway": "no"
      },
      "geometry": {
        "type": "LineString",
        "coordinates": [
          [
            73.8460238,
            18.5153025
          ],
          [
            73.8461921,
            18.5152152
          ],
          [
            73.8463261,
            18.5151821
          ],
          [
            73.8465128,
            18.5151919
          ],
          [
            73.84705,
            18.5152203
          ],
          [
            73.8473846,
            18.515236
          ],
          [
            73.8479238,
            18.5152584
          ],
          [
            73.8483338,
            18.5152724
          ],
          [
            73.8500519,
            18.515373
          ],
          [
            73.8510542,
            18.5154257
          ],
          [
            73.8520058,
            18.5154783
          ],
          [
            73.852303,
            18.5154947
          ]
        ]
      },
      "id": "way/53744711"
    },
    {
      "type": "Feature",
      "properties": {
        "@id": "way/53758999",
        "cycleway": "lane",
        "highway": "tertiary",
        "oneway": "no"
      },
      "geometry": {
        "type": "LineString",
        "coordinates": [
          [
            73.8447087,
            18.5138185
          ],
          [
            73.84468,
            18.5138484
          ],
          [
            73.8445889,
            18.5139434
          ]
        ]
      },
      "id": "way/53758999"
    },
    {
      "type": "Feature",
      "properties": {
        "@id": "way/53759030",
        "alt_name": "Z Bridge",
        "bicycle": "yes",
        "bridge": "yes",
        "cycleway": "lane",
        "highway": "tertiary",
        "layer": "1",
        "motor_vehicle": "no",
        "name": "Kakasaheb Gadgil Bridge",
        "name:etymology:wikidata": "Q6965275",
        "name:mr": "काकासाहेब गाडगीळ पूल",
        "oneway": "no"
      },
      "geometry": {
        "type": "LineString",
        "coordinates": [
          [
            73.8445889,
            18.5139434
          ],
          [
            73.8442337,
            18.5143059
          ],
          [
            73.8434652,
            18.5150902
          ],
          [
            73.8434342,
            18.5151534
          ],
          [
            73.843451,
            18.5152478
          ],
          [
            73.8442994,
            18.5165688
          ],
          [
            73.8443724,
            18.5166598
          ],
          [
            73.844883,
            18.5171793
          ],
          [
            73.8448864,
            18.5172048
          ],
          [
            73.8448758,
            18.5172362
          ],
          [
            73.8448562,
            18.5172607
          ],
          [
            73.8444262,
            18.5174952
          ]
        ]
      },
      "id": "way/53759030"
    },
    {
      "type": "Feature",
      "properties": {
        "@id": "way/53759031",
        "highway": "tertiary"
      },
      "geometry": {
        "type": "LineString",
        "coordinates": [
          [
            73.8444262,
            18.5174952
          ],
          [
            73.8443712,
            18.5175228
          ]
        ]
      },
      "id": "way/53759031"
    },
    {
      "type": "Feature",
      "properties": {
        "@id": "way/53759047",
        "highway": "residential",
        "name": "V. R. Kothari Path",
        "name:mr": "वा. र. कोठारी पथ"
      },
      "geometry": {
        "type": "LineString",
        "coordinates": [
          [
            73.8453115,
            18.513457
          ],
          [
            73.8454722,
            18.5135705
          ],
          [
            73.8461004,
            18.5142432
          ],
          [
            73.8464112,
            18.5146339
          ],
          [
            73.8465346,
            18.5147138
          ],
          [
            73.8466936,
            18.5147509
          ],
          [
            73.8471078,
            18.5148026
          ]
        ]
      },
      "id": "way/53759047"
    },
    {
      "type": "Feature",
      "properties": {
        "@id": "way/53759088",
        "highway": "tertiary"
      },
      "geometry": {
        "type": "LineString",
        "coordinates": [
          [
            73.8455485,
            18.5147426
          ],
          [
            73.8451575,
            18.5150071
          ],
          [
            73.8448452,
            18.5151792
          ],
          [
            73.8447981,
            18.5152085
          ]
        ]
      },
      "id": "way/53759088"
    },
    {
      "type": "Feature",
      "properties": {
        "@id": "way/53759137",
        "highway": "tertiary",
        "name": "Jagannath Kaniram Kasat Path",
        "name:mr": "जगन्नाथ कनिराम कासट पथ"
      },
      "geometry": {
        "type": "LineString",
        "coordinates": [
          [
            73.8441037,
            18.5156875
          ],
          [
            73.8440607,
            18.5157084
          ]
        ]
      },
      "id": "way/53759137"
    },
    {
      "type": "Feature",
      "properties": {
        "@id": "way/53759174",
        "bridge": "yes",
        "flood_prone": "yes",
        "foot": "no",
        "highway": "tertiary",
        "horse": "no",
        "layer": "1",
        "name": "Baba Bhide Bridge",
        "name:mr": "बाबा भिडे पूल",
        "oneway": "no"
      },
      "geometry": {
        "type": "LineString",
        "coordinates": [
          [
            73.8447981,
            18.5152085
          ],
          [
            73.8445908,
            18.5153515
          ],
          [
            73.8441037,
            18.5156875
          ]
        ]
      },
      "id": "way/53759174"
    },
    {
      "type": "Feature",
      "properties": {
        "@id": "way/53759184",
        "highway": "residential",
        "oneway": "yes"
      },
      "geometry": {
        "type": "LineString",
        "coordinates": [
          [
            73.844055,
            18.5170059
          ],
          [
            73.8438277,
            18.5166298
          ],
          [
            73.843732,
            18.5164731
          ],
          [
            73.8436131,
            18.5162784
          ],
          [
            73.8434953,
            18.5160506
          ],
          [
            73.8434761,
            18.5160188
          ]
        ]
      },
      "id": "way/53759184"
    },
    {
      "type": "Feature",
      "properties": {
        "@id": "way/69731956",
        "highway": "residential",
        "name": "Deccan Gymkhana Road",
        "name:mr": "डेक्कन जिमखाना रस्ता"
      },
      "geometry": {
        "type": "LineString",
        "coordinates": [
          [
            73.8420199,
            18.515744
          ],
          [
            73.841879,
            18.5156915
          ],
          [
            73.8415203,
            18.5157335
          ],
          [
            73.8409033,
            18.5158361
          ],
          [
            73.8398983,
            18.5159806
          ],
          [
            73.8394647,
            18.5160205
          ],
          [
            73.8392602,
            18.5160393
          ],
          [
            73.8388105,
            18.5161211
          ],
          [
            73.8386418,
            18.5161518
          ],
          [
            73.8384564,
            18.5161855
          ],
          [
            73.8381815,
            18.516237
          ],
          [
            73.8379605,
            18.5162791
          ],
          [
            73.8377023,
            18.5163282
          ],
          [
            73.8374744,
            18.5163831
          ],
          [
            73.8365974,
            18.5165351
          ]
        ]
      },
      "id": "way/69731956"
    },
    {
      "type": "Feature",
      "properties": {
        "@id": "way/69732124",
        "highway": "residential",
        "name": "Lane 3"
      },
      "geometry": {
        "type": "LineString",
        "coordinates": [
          [
            73.8398492,
            18.5177985
          ],
          [
            73.8399894,
            18.518614
          ],
          [
            73.8400534,
            18.5189216
          ],
          [
            73.8400637,
            18.5189713
          ],
          [
            73.8401111,
            18.5191991
          ],
          [
            73.840198,
            18.5195374
          ]
        ]
      },
      "id": "way/69732124"
    },
    {
      "type": "Feature",
      "properties": {
        "@id": "way/69732170",
        "highway": "residential",
        "name": "Ratnakant Phade Path",
        "name:mr": "रत्नाकांत फडे पथ"
      },
      "geometry": {
        "type": "LineString",
        "coordinates": [
          [
            73.8384564,
            18.5161855
          ],
          [
            73.8385572,
            18.516789
          ],
          [
            73.8386575,
            18.5173892
          ],
          [
            73.8387512,
            18.5179497
          ]
        ]
      },
      "id": "way/69732170"
    },
    {
      "type": "Feature",
      "properties": {
        "@id": "way/69732209",
        "highway": "residential",
        "name": "Lane 7"
      },
      "geometry": {
        "type": "LineString",
        "coordinates": [
          [
            73.8376774,
            18.518755
          ],
          [
            73.8376125,
            18.5184335
          ],
          [
            73.8376311,
            18.5180517
          ]
        ]
      },
      "id": "way/69732209"
    },
    {
      "type": "Feature",
      "properties": {
        "@id": "way/69732289",
        "highway": "residential",
        "name": "Pandit Shrikrushna Anant Jakatdar Path",
        "name:mr": "पंडित श्रीकृष्ण अनंत जकातदार पथ"
      },
      "geometry": {
        "type": "LineString",
        "coordinates": [
          [
            73.8386575,
            18.5173892
          ],
          [
            73.8381396,
            18.5173795
          ],
          [
            73.8376192,
            18.5174014
          ],
          [
            73.8372393,
            18.5174166
          ],
          [
            73.8368629,
            18.5174507
          ],
          [
            73.8366746,
            18.517471
          ]
        ]
      },
      "id": "way/69732289"
    },
    {
      "type": "Feature",
      "properties": {
        "@id": "way/130356216",
        "highway": "residential"
      },
      "geometry": {
        "type": "LineString",
        "coordinates": [
          [
            73.8463714,
            18.516646
          ],
          [
            73.846642,
            18.5165006
          ],
          [
            73.8467169,
            18.5164269
          ],
          [
            73.8467445,
            18.5163763
          ],
          [
            73.8467526,
            18.5163005
          ],
          [
            73.8467348,
            18.5161093
          ],
          [
            73.8467059,
            18.5160879
          ],
          [
            73.8466501,
            18.5160604
          ],
          [
            73.8462679,
            18.5159304
          ]
        ]
      },
      "id": "way/130356216"
    },
    {
      "type": "Feature",
      "properties": {
        "@id": "way/130356218",
        "highway": "residential",
        "name": "Shrimant Balasaheb Pantapratinidhi Path",
        "name:etymology:wikidata": "Q1987185",
        "name:mr": "श्रीमंत बाळासाहेब पंतप्रतिनिधी पथ"
      },
      "geometry": {
        "type": "LineString",
        "coordinates": [
          [
            73.8449108,
            18.511549
          ],
          [
            73.8449439,
            18.5116137
          ],
          [
            73.8449681,
            18.5116886
          ],
          [
            73.8449828,
            18.5117814
          ],
          [
            73.8449788,
            18.5118869
          ],
          [
            73.8448889,
            18.5126818
          ],
          [
            73.8448713,
            18.5128374
          ],
          [
            73.8448644,
            18.5128987
          ]
        ]
      },
      "id": "way/130356218"
    },
    {
      "type": "Feature",
      "properties": {
        "@id": "way/130356220",
        "highway": "residential"
      },
      "geometry": {
        "type": "LineString",
        "coordinates": [
          [
            73.8461305,
            18.5160182
          ],
          [
            73.8462108,
            18.5159594
          ],
          [
            73.8462679,
            18.5159304
          ],
          [
            73.8463505,
            18.5158456
          ],
          [
            73.8463893,
            18.5157828
          ],
          [
            73.8464374,
            18.5156845
          ]
        ]
      },
      "id": "way/130356220"
    },
    {
      "type": "Feature",
      "properties": {
        "@id": "way/130356222",
        "highway": "residential",
        "name": "Shri Ashtabhuja Durgadevi Path",
        "name:mr": "श्री अष्टभुजा दुर्गादेवी पथ"
      },
      "geometry": {
        "type": "LineString",
        "coordinates": [
          [
            73.8461878,
            18.5171692
          ],
          [
            73.8465174,
            18.5171057
          ],
          [
            73.8467908,
            18.51706
          ],
          [
            73.8470347,
            18.5170549
          ],
          [
            73.8480434,
            18.5170666
          ]
        ]
      },
      "id": "way/130356222"
    },
    {
      "type": "Feature",
      "properties": {
        "@id": "way/132474354",
        "highway": "tertiary",
        "name": "Chandrashekhar Agashe Road",
        "name:etymology:wikidata": "Q28101716",
        "name:mr": "चंद्रशेखर आगाशे रस्ता",
        "oneway": "no"
      },
      "geometry": {
        "type": "LineString",
        "coordinates": [
          [
            73.8530104,
            18.5210095
          ],
          [
            73.8529434,
            18.5210217
          ],
          [
            73.8527653,
            18.5209929
          ],
          [
            73.8523825,
            18.5209156
          ],
          [
            73.8517269,
            18.5207981
          ],
          [
            73.8515808,
            18.5207719
          ],
          [
            73.8510824,
            18.5206838
          ],
          [
            73.8507659,
            18.5205922
          ],
          [
            73.8505865,
            18.5205196
          ],
          [
            73.8504683,
            18.5204718
          ],
          [
            73.8503224,
            18.5204179
          ],
          [
            73.8501935,
            18.5203927
          ],
          [
            73.8500343,
            18.5203783
          ],
          [
            73.849714,
            18.5203729
          ],
          [
            73.8493786,
            18.5203388
          ],
          [
            73.8489484,
            18.5201842
          ],
          [
            73.8488497,
            18.5201268
          ],
          [
            73.8487619,
            18.520051
          ],
          [
            73.8486501,
            18.5199455
          ],
          [
            73.8483129,
            18.5195786
          ],
          [
            73.8478939,
            18.5191254
          ],
          [
            73.8476484,
            18.5188927
          ],
          [
            73.8471728,
            18.5184039
          ],
          [
            73.8467312,
            18.5178773
          ],
          [
            73.8461878,
            18.5171692
          ],
          [
            73.8453837,
            18.5160246
          ],
          [
            73.8448452,
            18.5151792
          ]
        ]
      },
      "id": "way/132474354"
    },
    {
      "type": "Feature",
      "properties": {
        "@id": "way/140044104",
        "alt_name": "Lane No. 4",
        "foot": "yes",
        "highway": "residential",
        "name": "P. S. Kale Path",
        "name:mr": "पु. श्री. काळे पथ",
        "oneway": "no",
        "source": "local",
        "surface": "paved"
      },
      "geometry": {
        "type": "LineString",
        "coordinates": [
          [
            73.8381815,
            18.516237
          ],
          [
            73.8378209,
            18.5158219
          ],
          [
            73.8377363,
            18.5157322
          ],
          [
            73.8375908,
            18.5155248
          ],
          [
            73.8375512,
            18.5150736
          ],
          [
            73.8375195,
            18.5147523
          ],
          [
            73.837502,
            18.5145743
          ],
          [
            73.83749,
            18.513962
          ]
        ]
      },
      "id": "way/140044104"
    },
    {
      "type": "Feature",
      "properties": {
        "@id": "way/140044720",
        "bicycle": "yes",
        "foot": "yes",
        "highway": "residential",
        "oneway": "no"
      },
      "geometry": {
        "type": "LineString",
        "coordinates": [
          [
            73.8377023,
            18.5163282
          ],
          [
            73.8376598,
            18.516071
          ],
          [
            73.8376631,
            18.5160341
          ],
          [
            73.8376735,
            18.5160045
          ],
          [
            73.8378209,
            18.5158219
          ]
        ]
      },
      "id": "way/140044720"
    },
    {
      "type": "Feature",
      "properties": {
        "@id": "way/140046965",
        "highway": "residential",
        "oneway": "no"
      },
      "geometry": {
        "type": "LineString",
        "coordinates": [
          [
            73.8407212,
            18.517667
          ],
          [
            73.8407439,
            18.5177731
          ],
          [
            73.8408885,
            18.5184484
          ]
        ]
      },
      "id": "way/140046965"
    },
    {
      "type": "Feature",
      "properties": {
        "@id": "way/151723529",
        "highway": "tertiary",
        "name": "Chandusheth Kalbhor Marg",
        "name:mr": "चंदूशेठ काळभोर मार्ग"
      },
      "geometry": {
        "type": "LineString",
        "coordinates": [
          [
            73.8450707,
            18.5114645
          ],
          [
            73.8453404,
            18.511509
          ],
          [
            73.8454879,
            18.5115212
          ],
          [
            73.8457115,
            18.5115518
          ],
          [
            73.8458554,
            18.5115748
          ]
        ]
      },
      "id": "way/151723529"
    },
    {
      "type": "Feature",
      "properties": {
        "@id": "way/198439335",
        "highway": "residential",
        "name": "Lane No 5"
      },
      "geometry": {
        "type": "LineString",
        "coordinates": [
          [
            73.838159,
            18.5121148
          ],
          [
            73.8379693,
            18.5125734
          ],
          [
            73.8377105,
            18.5129756
          ],
          [
            73.8376145,
            18.5130709
          ],
          [
            73.8375368,
            18.5132516
          ],
          [
            73.8374955,
            18.5134893
          ],
          [
            73.83749,
            18.513962
          ]
        ]
      },
      "id": "way/198439335"
    },
    {
      "type": "Feature",
      "properties": {
        "@id": "way/198439336",
        "highway": "residential"
      },
      "geometry": {
        "type": "LineString",
        "coordinates": [
          [
            73.8376145,
            18.5130709
          ],
          [
            73.8381769,
            18.5133514
          ],
          [
            73.8382358,
            18.5133429
          ]
        ]
      },
      "id": "way/198439336"
    },
    {
      "type": "Feature",
      "properties": {
        "@id": "way/198439338",
        "highway": "tertiary",
        "lane_markings": "no",
        "name": "Prabhat Path",
        "name:mr": "प्रभात पथ",
        "surface": "asphalt"
      },
      "geometry": {
        "type": "LineString",
        "coordinates": [
          [
            73.8415826,
            18.5137712
          ],
          [
            73.8414998,
            18.5138464
          ]
        ]
      },
      "id": "way/198439338"
    },
    {
      "type": "Feature",
      "properties": {
        "@id": "way/198446796",
        "highway": "tertiary"
      },
      "geometry": {
        "type": "LineString",
        "coordinates": [
          [
            73.8438536,
            18.5128013
          ],
          [
            73.8437398,
            18.5127202
          ]
        ]
      },
      "id": "way/198446796"
    },
    {
      "type": "Feature",
      "properties": {
        "@id": "way/202299530",
        "highway": "residential",
        "name": "Cafe Goodluck Road",
        "oneway": "yes"
      },
      "geometry": {
        "type": "LineString",
        "coordinates": [
          [
            73.8416184,
            18.5174252
          ],
          [
            73.8414693,
            18.5173796
          ],
          [
            73.8414014,
            18.5173422
          ],
          [
            73.8410989,
            18.5170788
          ]
        ]
      },
      "id": "way/202299530"
    },
    {
      "type": "Feature",
      "properties": {
        "@id": "way/202299531",
        "highway": "residential",
        "name": "D. B. Deodhar Path",
        "name:mr": "दि. बा. देवधर पथ"
      },
      "geometry": {
        "type": "LineString",
        "coordinates": [
          [
            73.8401752,
            18.5177498
          ],
          [
            73.8400651,
            18.5172803
          ],
          [
            73.8400013,
            18.5167808
          ],
          [
            73.8399342,
            18.5162558
          ],
          [
            73.8398983,
            18.5159806
          ]
        ]
      },
      "id": "way/202299531"
    },
    {
      "type": "Feature",
      "properties": {
        "@id": "way/207872392",
        "alt_name": "FC Road",
        "highway": "primary",
        "lanes": "2",
        "lit": "yes",
        "name": "Gopal Krushna Gokhale Path",
        "name:etymology:wikidata": "Q313299",
        "name:mr": "गोपाळ कृष्ण गोखले पथ",
        "oneway": "yes",
        "ref": "SH60",
        "surface": "asphalt"
      },
      "geometry": {
        "type": "LineString",
        "coordinates": [
          [
            73.8423542,
            18.5144652
          ],
          [
            73.8423273,
            18.5145486
          ]
        ]
      },
      "id": "way/207872392"
    },
    {
      "type": "Feature",
      "properties": {
        "@id": "way/207872394",
        "alt_name": "JM Road",
        "highway": "primary",
        "lanes": "3",
        "lit": "yes",
        "name": "Jangli Maharaj Path",
        "name:etymology:wikidata": "Q6153993",
        "name:mr": "जंगली महाराज पथ",
        "oneway": "yes",
        "ref": "SH60",
        "surface": "asphalt"
      },
      "geometry": {
        "type": "LineString",
        "coordinates": [
          [
            73.842195,
            18.5154916
          ],
          [
            73.842198,
            18.5154498
          ],
          [
            73.8421996,
            18.5154274
          ],
          [
            73.842331,
            18.5149415
          ],
          [
            73.8423882,
            18.5147303
          ],
          [
            73.8423955,
            18.5147031
          ]
        ]
      },
      "id": "way/207872394"
    },
    {
      "type": "Feature",
      "properties": {
        "@id": "way/207872397",
        "highway": "primary",
        "lanes": "3",
        "name": "Karve Road",
        "name:etymology:wikidata": "Q3518496",
        "name:mr": "कर्वे रस्ता",
        "oneway": "yes",
        "ref": "SH60",
        "surface": "asphalt"
      },
      "geometry": {
        "type": "LineString",
        "coordinates": [
          [
            73.8421877,
            18.5143298
          ],
          [
            73.8420705,
            18.5142216
          ],
          [
            73.8416486,
            18.5138321
          ],
          [
            73.8415826,
            18.5137712
          ]
        ]
      },
      "id": "way/207872397"
    },
    {
      "type": "Feature",
      "properties": {
        "@id": "way/207872398",
        "highway": "primary_link",
        "name": "Karve Road",
        "name:etymology:wikidata": "Q3518496",
        "name:mr": "कर्वे रस्ता",
        "oneway": "yes",
        "surface": "asphalt"
      },
      "geometry": {
        "type": "LineString",
        "coordinates": [
          [
            73.8421049,
            18.5144052
          ],
          [
            73.8421788,
            18.5145016
          ],
          [
            73.8421909,
            18.514522
          ],
          [
            73.8422366,
            18.5145987
          ],
          [
            73.8422725,
            18.5146698
          ],
          [
            73.842282,
            18.5146947
          ],
          [
            73.8422946,
            18.5147275
          ]
        ]
      },
      "id": "way/207872398"
    },
    {
      "type": "Feature",
      "properties": {
        "@id": "way/207872405",
        "alt_name": "Lakadi Pul",
        "alt_name:mr": "लकडी पूल",
        "bridge": "yes",
        "foot": "yes",
        "highway": "primary",
        "layer": "1",
        "motorcycle": "yes",
        "name": "Sambhaji Bridge",
        "name:etymology:wikidata": "Q2737041",
        "name:mr": "संभाजी पूल",
        "oneway": "yes"
      },
      "geometry": {
        "type": "LineString",
        "coordinates": [
          [
            73.8434984,
            18.5129534
          ],
          [
            73.8433187,
            18.5131784
          ],
          [
            73.8425702,
            18.5141157
          ]
        ]
      },
      "id": "way/207872405"
    },
    {
      "type": "Feature",
      "properties": {
        "@id": "way/207872406",
        "alt_name": "Lakadi Pul",
        "alt_name:mr": "लकडी पूल",
        "highway": "primary",
        "name": "Sambhaji Bridge",
        "name:etymology:wikidata": "Q2737041",
        "name:mr": "संभाजी पूल",
        "oneway": "yes"
      },
      "geometry": {
        "type": "LineString",
        "coordinates": [
          [
            73.8437398,
            18.5127202
          ],
          [
            73.8436903,
            18.512779
          ],
          [
            73.8436559,
            18.5128146
          ],
          [
            73.8435797,
            18.512879
          ],
          [
            73.8434984,
            18.5129534
          ]
        ]
      },
      "id": "way/207872406"
    },
    {
      "type": "Feature",
      "properties": {
        "@id": "way/207872407",
        "alt_name": "Lakadi Pul",
        "alt_name:mr": "लकडी पूल",
        "highway": "primary",
        "name": "Sambhaji Bridge",
        "name:etymology:wikidata": "Q2737041",
        "name:mr": "संभाजी पूल",
        "oneway": "yes"
      },
      "geometry": {
        "type": "LineString",
        "coordinates": [
          [
            73.8425702,
            18.5141157
          ],
          [
            73.8424559,
            18.5142662
          ]
        ]
      },
      "id": "way/207872407"
    },
    {
      "type": "Feature",
      "properties": {
        "@id": "way/207872408",
        "highway": "primary_link",
        "maxspeed": "45",
        "name": "Sambhaji Bridge",
        "name:etymology:wikidata": "Q2737041",
        "oneway": "yes",
        "surface": "asphalt",
        "turn": "left"
      },
      "geometry": {
        "type": "LineString",
        "coordinates": [
          [
            73.8424559,
            18.5142662
          ],
          [
            73.8423773,
            18.5143032
          ],
          [
            73.8423421,
            18.5143197
          ],
          [
            73.8423027,
            18.514336
          ],
          [
            73.8422646,
            18.5143419
          ],
          [
            73.8422454,
            18.5143449
          ],
          [
            73.8421877,
            18.5143298
          ]
        ]
      },
      "id": "way/207872408"
    },
    {
      "type": "Feature",
      "properties": {
        "@id": "way/207872409",
        "alt_name": "Shastri Road",
        "alt_name:mr": "शास्त्री रस्ता",
        "highway": "primary",
        "lanes": "2",
        "name": "Lalbahadur Shashtri Marg",
        "name:etymology:wikidata": "Q244689",
        "name:mr": "लालबहादूर शास्त्री मार्ग",
        "oneway": "yes"
      },
      "geometry": {
        "type": "LineString",
        "coordinates": [
          [
            73.8438536,
            18.5128013
          ],
          [
            73.8439059,
            18.5126926
          ],
          [
            73.8439041,
            18.5126481
          ],
          [
            73.8438925,
            18.5123643
          ],
          [
            73.8438919,
            18.5123493
          ],
          [
            73.8438559,
            18.5122071
          ],
          [
            73.8438235,
            18.5121486
          ],
          [
            73.843809,
            18.5121216
          ],
          [
            73.8438038,
            18.5121131
          ],
          [
            73.8437612,
            18.5120436
          ],
          [
            73.8436814,
            18.5119244
          ],
          [
            73.8435756,
            18.5117839
          ],
          [
            73.8434914,
            18.5116917
          ],
          [
            73.84341,
            18.5115996
          ],
          [
            73.843336,
            18.5115101
          ],
          [
            73.8432912,
            18.5114346
          ],
          [
            73.843265,
            18.5113482
          ],
          [
            73.8432633,
            18.5113271
          ],
          [
            73.8432571,
            18.5112473
          ]
        ]
      },
      "id": "way/207872409"
    },
    {
      "type": "Feature",
      "properties": {
        "@id": "way/209063060",
        "highway": "residential",
        "name": "Manohar Mahadev More Path",
        "name:mr": "मनोहर महादेव मोरे पथ"
      },
      "geometry": {
        "type": "LineString",
        "coordinates": [
          [
            73.8405961,
            18.5140023
          ],
          [
            73.8406058,
            18.514058
          ],
          [
            73.8406333,
            18.5142164
          ],
          [
            73.8406478,
            18.5143001
          ],
          [
            73.8406553,
            18.5143186
          ],
          [
            73.8406722,
            18.5143318
          ],
          [
            73.8406929,
            18.5143404
          ],
          [
            73.8407124,
            18.5143418
          ],
          [
            73.8410222,
            18.5143084
          ],
          [
            73.8410706,
            18.514307
          ],
          [
            73.8411515,
            18.5143153
          ],
          [
            73.8412239,
            18.514333
          ],
          [
            73.8412918,
            18.5143509
          ],
          [
            73.8413617,
            18.5143786
          ],
          [
            73.8414262,
            18.5144105
          ],
          [
            73.8414856,
            18.5144488
          ],
          [
            73.8415433,
            18.5144888
          ],
          [
            73.841597,
            18.5145342
          ],
          [
            73.8416457,
            18.5145844
          ],
          [
            73.841689,
            18.5146389
          ],
          [
            73.8417264,
            18.5146971
          ],
          [
            73.8417577,
            18.5147586
          ],
          [
            73.8417824,
            18.5148226
          ],
          [
            73.8418004,
            18.5148887
          ],
          [
            73.8418115,
            18.514956
          ],
          [
            73.8418156,
            18.5150242
          ],
          [
            73.8418126,
            18.5150923
          ],
          [
            73.8418026,
            18.5151599
          ],
          [
            73.8417857,
            18.5152262
          ],
          [
            73.8417619,
            18.5152905
          ],
          [
            73.8417317,
            18.5153525
          ],
          [
            73.8415203,
            18.5157335
          ]
        ]
      },
      "id": "way/209063060"
    },
    {
      "type": "Feature",
      "properties": {
        "@id": "way/209063116",
        "highway": "residential"
      },
      "geometry": {
        "type": "LineString",
        "coordinates": [
          [
            73.8366705,
            18.517132
          ],
          [
            73.8375833,
            18.5169505
          ],
          [
            73.8380762,
            18.5168688
          ],
          [
            73.8385572,
            18.516789
          ]
        ]
      },
      "id": "way/209063116"
    },
    {
      "type": "Feature",
      "properties": {
        "@id": "way/209063125",
        "highway": "residential"
      },
      "geometry": {
        "type": "LineString",
        "coordinates": [
          [
            73.8383365,
            18.5179918
          ],
          [
            73.8383007,
            18.5182789
          ],
          [
            73.8381929,
            18.5186091
          ],
          [
            73.8380862,
            18.5188495
          ],
          [
            73.8380651,
            18.5188752
          ],
          [
            73.8380409,
            18.5188918
          ]
        ]
      },
      "id": "way/209063125"
    },
    {
      "type": "Feature",
      "properties": {
        "@id": "way/209063133",
        "highway": "residential",
        "oneway": "yes"
      },
      "geometry": {
        "type": "LineString",
        "coordinates": [
          [
            73.8437704,
            18.5158693
          ],
          [
            73.844427,
            18.5168475
          ],
          [
            73.8444411,
            18.5168867
          ],
          [
            73.8444422,
            18.516916
          ],
          [
            73.8444223,
            18.5169499
          ]
        ]
      },
      "id": "way/209063133"
    },
    {
      "type": "Feature",
      "properties": {
        "@id": "way/215732231",
        "highway": "residential"
      },
      "geometry": {
        "type": "LineString",
        "coordinates": [
          [
            73.8409382,
            18.5168884
          ],
          [
            73.8410989,
            18.5170788
          ]
        ]
      },
      "id": "way/215732231"
    },
    {
      "type": "Feature",
      "properties": {
        "@id": "way/215732248",
        "highway": "residential"
      },
      "geometry": {
        "type": "LineString",
        "coordinates": [
          [
            73.8400013,
            18.5167808
          ],
          [
            73.840408,
            18.5167313
          ]
        ]
      },
      "id": "way/215732248"
    },
    {
      "type": "Feature",
      "properties": {
        "@id": "way/217278817",
        "highway": "residential"
      },
      "geometry": {
        "type": "LineString",
        "coordinates": [
          [
            73.8381388,
            18.5153254
          ],
          [
            73.8391405,
            18.5151323
          ]
        ]
      },
      "id": "way/217278817"
    },
    {
      "type": "Feature",
      "properties": {
        "@id": "way/217278820",
        "highway": "residential"
      },
      "geometry": {
        "type": "LineString",
        "coordinates": [
          [
            73.8381307,
            18.5145908
          ],
          [
            73.8391907,
            18.5147926
          ]
        ]
      },
      "id": "way/217278820"
    },
    {
      "type": "Feature",
      "properties": {
        "@id": "way/217278827",
        "highway": "residential"
      },
      "geometry": {
        "type": "LineString",
        "coordinates": [
          [
            73.8383386,
            18.515792
          ],
          [
            73.8385808,
            18.5157467
          ],
          [
            73.8387512,
            18.5157148
          ],
          [
            73.8391671,
            18.5156369
          ]
        ]
      },
      "id": "way/217278827"
    },
    {
      "type": "Feature",
      "properties": {
        "@id": "way/217278850",
        "highway": "residential"
      },
      "geometry": {
        "type": "LineString",
        "coordinates": [
          [
            73.8381388,
            18.5153254
          ],
          [
            73.8381774,
            18.5155746
          ],
          [
            73.8383386,
            18.515792
          ]
        ]
      },
      "id": "way/217278850"
    },
    {
      "type": "Feature",
      "properties": {
        "@id": "way/217278866",
        "highway": "residential"
      },
      "geometry": {
        "type": "LineString",
        "coordinates": [
          [
            73.8402509,
            18.5140331
          ],
          [
            73.8402346,
            18.5139553
          ],
          [
            73.8401892,
            18.5137389
          ],
          [
            73.8401685,
            18.5137082
          ],
          [
            73.840116,
            18.5136787
          ],
          [
            73.8393768,
            18.5137723
          ],
          [
            73.8391057,
            18.5138067
          ]
        ]
      },
      "id": "way/217278866"
    },
    {
      "type": "Feature",
      "properties": {
        "@id": "way/217384610",
        "highway": "residential",
        "oneway": "yes"
      },
      "geometry": {
        "type": "LineString",
        "coordinates": [
          [
            73.8465504,
            18.5112539
          ],
          [
            73.8466306,
            18.5106064
          ],
          [
            73.8466767,
            18.5102348
          ]
        ]
      },
      "id": "way/217384610"
    },
    {
      "type": "Feature",
      "properties": {
        "@id": "way/217384620",
        "highway": "residential"
      },
      "geometry": {
        "type": "LineString",
        "coordinates": [
          [
            73.8464112,
            18.5146339
          ],
          [
            73.8465544,
            18.5144981
          ],
          [
            73.8466396,
            18.5144334
          ],
          [
            73.846742,
            18.5143526
          ],
          [
            73.8468083,
            18.5142879
          ],
          [
            73.8468386,
            18.514234
          ],
          [
            73.8468576,
            18.5141729
          ],
          [
            73.8468985,
            18.5139281
          ],
          [
            73.8469163,
            18.5138217
          ]
        ]
      },
      "id": "way/217384620"
    },
    {
      "type": "Feature",
      "properties": {
        "@id": "way/217431355",
        "alt_name": "FC Road",
        "highway": "primary",
        "lanes": "2",
        "lit": "yes",
        "name": "Gopal Krushna Gokhale Path",
        "name:etymology:wikidata": "Q313299",
        "name:mr": "गोपाळ कृष्ण गोखले पथ",
        "oneway": "yes",
        "ref": "SH60",
        "surface": "asphalt"
      },
      "geometry": {
        "type": "LineString",
        "coordinates": [
          [
            73.8420954,
            18.5154719
          ],
          [
            73.8420323,
            18.5156952
          ]
        ]
      },
      "id": "way/217431355"
    },
    {
      "type": "Feature",
      "properties": {
        "@id": "way/217431356",
        "alt_name": "FC Road",
        "highway": "primary",
        "lanes": "2",
        "lit": "yes",
        "name": "Gopal Krushna Gokhale Path",
        "name:etymology:wikidata": "Q313299",
        "name:mr": "गोपाळ कृष्ण गोखले पथ",
        "oneway": "yes",
        "ref": "SH60",
        "surface": "asphalt"
      },
      "geometry": {
        "type": "LineString",
        "coordinates": [
          [
            73.8420323,
            18.5156952
          ],
          [
            73.8420199,
            18.515744
          ],
          [
            73.8419601,
            18.5160631
          ]
        ]
      },
      "id": "way/217431356"
    },
    {
      "type": "Feature",
      "properties": {
        "@id": "way/217431357",
        "alt_name": "JM Road",
        "highway": "primary",
        "lanes": "4",
        "name": "Jangli Maharaj Path",
        "name:etymology:wikidata": "Q6153993",
        "name:mr": "जंगली महाराज पथ",
        "oneway": "yes",
        "ref": "SH60",
        "surface": "asphalt"
      },
      "geometry": {
        "type": "LineString",
        "coordinates": [
          [
            73.84776,
            18.522334
          ],
          [
            73.8477133,
            18.5222841
          ],
          [
            73.8472873,
            18.521802
          ],
          [
            73.8467783,
            18.5211909
          ],
          [
            73.8462268,
            18.5205121
          ],
          [
            73.8461982,
            18.5204755
          ],
          [
            73.8459681,
            18.5201809
          ],
          [
            73.8459313,
            18.5201337
          ],
          [
            73.845741,
            18.5199074
          ],
          [
            73.8455859,
            18.5197229
          ],
          [
            73.8455402,
            18.5196671
          ],
          [
            73.8455096,
            18.5196297
          ],
          [
            73.8452299,
            18.5192878
          ],
          [
            73.8452166,
            18.5192716
          ],
          [
            73.8450745,
            18.5190977
          ],
          [
            73.845058,
            18.5190779
          ],
          [
            73.8449453,
            18.518943
          ],
          [
            73.8448748,
            18.5188597
          ],
          [
            73.8445137,
            18.5184331
          ],
          [
            73.844453,
            18.5183614
          ],
          [
            73.8443332,
            18.5182265
          ],
          [
            73.8441676,
            18.51804
          ],
          [
            73.8440581,
            18.5179167
          ],
          [
            73.8439365,
            18.5177797
          ],
          [
            73.8438682,
            18.5177042
          ],
          [
            73.843389,
            18.5171739
          ],
          [
            73.8433202,
            18.5170977
          ],
          [
            73.843278,
            18.5170442
          ],
          [
            73.8431972,
            18.5169421
          ],
          [
            73.8431323,
            18.5168602
          ],
          [
            73.8429832,
            18.5166679
          ],
          [
            73.8428465,
            18.5164965
          ],
          [
            73.8426665,
            18.5162708
          ],
          [
            73.8426276,
            18.5162175
          ],
          [
            73.8425655,
            18.5161409
          ],
          [
            73.8424595,
            18.5160044
          ],
          [
            73.8424086,
            18.5159336
          ]
        ]
      },
      "id": "way/217431357"
    },
    {
      "type": "Feature",
      "properties": {
        "@id": "way/217431358",
        "alt_name": "FC Road",
        "highway": "primary",
        "lanes": "2",
        "lit": "yes",
        "name": "Gopal Krushna Gokhale Path",
        "name:etymology:wikidata": "Q313299",
        "name:mr": "गोपाळ कृष्ण गोखले पथ",
        "oneway": "yes",
        "ref": "SH60",
        "surface": "asphalt"
      },
      "geometry": {
        "type": "LineString",
        "coordinates": [
          [
            73.8422851,
            18.5157436
          ],
          [
            73.842248,
            18.515677
          ],
          [
            73.842223,
            18.5156314
          ],
          [
            73.8422064,
            18.5155789
          ],
          [
            73.842195,
            18.5154916
          ]
        ]
      },
      "id": "way/217431358"
    },
    {
      "type": "Feature",
      "properties": {
        "@id": "way/217431366",
        "highway": "residential"
      },
      "geometry": {
        "type": "LineString",
        "coordinates": [
          [
            73.842198,
            18.5154498
          ],
          [
            73.8422736,
            18.515436
          ],
          [
            73.8424098,
            18.5154112
          ],
          [
            73.8426671,
            18.5153227
          ],
          [
            73.8427179,
            18.5153052
          ],
          [
            73.842744,
            18.5153048
          ],
          [
            73.8427665,
            18.5153134
          ],
          [
            73.8427817,
            18.5153321
          ],
          [
            73.8428403,
            18.5154564
          ],
          [
            73.8428647,
            18.5155106
          ],
          [
            73.8428807,
            18.5155661
          ],
          [
            73.8429045,
            18.515644
          ],
          [
            73.8429198,
            18.5156675
          ],
          [
            73.8429365,
            18.5156795
          ],
          [
            73.8429662,
            18.5156867
          ],
          [
            73.8430274,
            18.5156807
          ],
          [
            73.843056,
            18.515685
          ],
          [
            73.8430723,
            18.515699
          ],
          [
            73.843081,
            18.515722
          ],
          [
            73.8431155,
            18.5158916
          ],
          [
            73.8431291,
            18.5159088
          ],
          [
            73.8431569,
            18.5159147
          ],
          [
            73.8432412,
            18.5158962
          ]
        ]
      },
      "id": "way/217431366"
    },
    {
      "type": "Feature",
      "properties": {
        "@id": "way/217431367",
        "highway": "primary_link",
        "lanes": "2",
        "lit": "yes",
        "oneway": "yes",
        "surface": "asphalt"
      },
      "geometry": {
        "type": "LineString",
        "coordinates": [
          [
            73.8420429,
            18.5158823
          ],
          [
            73.8419601,
            18.5160631
          ]
        ]
      },
      "id": "way/217431367"
    },
    {
      "type": "Feature",
      "properties": {
        "@id": "way/217431372",
        "access": "private",
        "highway": "service"
      },
      "geometry": {
        "type": "LineString",
        "coordinates": [
          [
            73.8432412,
            18.5158962
          ],
          [
            73.8432906,
            18.5160159
          ],
          [
            73.8433092,
            18.516061
          ]
        ]
      },
      "id": "way/217431372"
    },
    {
      "type": "Feature",
      "properties": {
        "@id": "way/217431377",
        "highway": "residential"
      },
      "geometry": {
        "type": "LineString",
        "coordinates": [
          [
            73.8429666,
            18.5147018
          ],
          [
            73.8436596,
            18.5156983
          ],
          [
            73.8437704,
            18.5158693
          ]
        ]
      },
      "id": "way/217431377"
    },
    {
      "type": "Feature",
      "properties": {
        "@id": "way/217431380",
        "highway": "residential"
      },
      "geometry": {
        "type": "LineString",
        "coordinates": [
          [
            73.8454372,
            18.5187897
          ],
          [
            73.8452585,
            18.5184787
          ],
          [
            73.8451083,
            18.5181756
          ],
          [
            73.8449907,
            18.517943
          ],
          [
            73.8447048,
            18.5174276
          ]
        ]
      },
      "id": "way/217431380"
    },
    {
      "type": "Feature",
      "properties": {
        "@id": "way/217431381",
        "highway": "residential"
      },
      "geometry": {
        "type": "LineString",
        "coordinates": [
          [
            73.8443712,
            18.5175228
          ],
          [
            73.8443991,
            18.5175395
          ],
          [
            73.8444314,
            18.5175443
          ],
          [
            73.8444711,
            18.5175328
          ],
          [
            73.8447048,
            18.5174276
          ]
        ]
      },
      "id": "way/217431381"
    },
    {
      "type": "Feature",
      "properties": {
        "@id": "way/217431382",
        "highway": "residential"
      },
      "geometry": {
        "type": "LineString",
        "coordinates": [
          [
            73.842331,
            18.5149415
          ],
          [
            73.8424383,
            18.514956
          ],
          [
            73.8424676,
            18.51496
          ],
          [
            73.8425066,
            18.5149778
          ],
          [
            73.8425354,
            18.5150065
          ],
          [
            73.8426286,
            18.5152303
          ],
          [
            73.8426671,
            18.5153227
          ]
        ]
      },
      "id": "way/217431382"
    },
    {
      "type": "Feature",
      "properties": {
        "@id": "way/217431383",
        "highway": "primary_link",
        "lanes": "2",
        "lit": "yes",
        "oneway": "yes",
        "surface": "asphalt"
      },
      "geometry": {
        "type": "LineString",
        "coordinates": [
          [
            73.8424086,
            18.5159336
          ],
          [
            73.8423167,
            18.515868
          ]
        ]
      },
      "id": "way/217431383"
    },
    {
      "type": "Feature",
      "properties": {
        "@id": "way/217773650",
        "highway": "residential",
        "name": "Jaai Bapu Vairat Path",
        "name:mr": "जाई बापू वैराट पथ"
      },
      "geometry": {
        "type": "LineString",
        "coordinates": [
          [
            73.8434914,
            18.5116917
          ],
          [
            73.8435448,
            18.5116697
          ],
          [
            73.8436156,
            18.5116405
          ],
          [
            73.8437108,
            18.5116034
          ],
          [
            73.8438511,
            18.5115459
          ],
          [
            73.8439502,
            18.5114964
          ],
          [
            73.8440253,
            18.5114209
          ],
          [
            73.8440763,
            18.5113254
          ]
        ]
      },
      "id": "way/217773650"
    },
    {
      "type": "Feature",
      "properties": {
        "@id": "way/218059619",
        "access": "permissive",
        "highway": "service"
      },
      "geometry": {
        "type": "LineString",
        "coordinates": [
          [
            73.8445901,
            18.513129
          ],
          [
            73.8446523,
            18.5130311
          ],
          [
            73.8446651,
            18.5129737
          ],
          [
            73.8446782,
            18.51288
          ]
        ]
      },
      "id": "way/218059619"
    },
    {
      "type": "Feature",
      "properties": {
        "@id": "way/218110075",
        "highway": "primary",
        "name": "Narubhau Limaye Path",
        "name:mr": "नरुभाऊ लिमये पथ",
        "oneway": "yes"
      },
      "geometry": {
        "type": "LineString",
        "coordinates": [
          [
            73.8416601,
            18.5172509
          ],
          [
            73.8416985,
            18.5173733
          ],
          [
            73.8417267,
            18.5174222
          ],
          [
            73.8417401,
            18.5174455
          ],
          [
            73.8417969,
            18.5174902
          ],
          [
            73.8418682,
            18.5175166
          ]
        ]
      },
      "id": "way/218110075"
    },
    {
      "type": "Feature",
      "properties": {
        "@id": "way/218422387",
        "access": "private",
        "highway": "service",
        "oneway": "yes",
        "surface": "asphalt"
      },
      "geometry": {
        "type": "LineString",
        "coordinates": [
          [
            73.8396899,
            18.513163
          ],
          [
            73.839681,
            18.5131654
          ],
          [
            73.8390193,
            18.5132674
          ]
        ]
      },
      "id": "way/218422387"
    },
    {
      "type": "Feature",
      "properties": {
        "@id": "way/218422390",
        "access": "private",
        "highway": "service",
        "oneway": "yes"
      },
      "geometry": {
        "type": "LineString",
        "coordinates": [
          [
            73.8398134,
            18.5128882
          ],
          [
            73.8397911,
            18.5129421
          ],
          [
            73.8397706,
            18.5129916
          ],
          [
            73.8397052,
            18.5131493
          ],
          [
            73.8396984,
            18.513158
          ],
          [
            73.8396899,
            18.513163
          ]
        ]
      },
      "id": "way/218422390"
    },
    {
      "type": "Feature",
      "properties": {
        "@id": "way/218681372",
        "highway": "residential",
        "surface": "asphalt"
      },
      "geometry": {
        "type": "LineString",
        "coordinates": [
          [
            73.8384902,
            18.5129653
          ],
          [
            73.8390115,
            18.5132237
          ],
          [
            73.8390193,
            18.5132674
          ],
          [
            73.8391057,
            18.5138067
          ],
          [
            73.8391719,
            18.5141364
          ]
        ]
      },
      "id": "way/218681372"
    },
    {
      "type": "Feature",
      "properties": {
        "@id": "way/220562871",
        "highway": "tertiary",
        "name": "Baburao Phule Path",
        "name:mr": "बाबुराव फुले पथ",
        "oneway": "yes"
      },
      "geometry": {
        "type": "LineString",
        "coordinates": [
          [
            73.8460843,
            18.5099179
          ],
          [
            73.8460541,
            18.5101806
          ],
          [
            73.84601,
            18.5105337
          ]
        ]
      },
      "id": "way/220562871"
    },
    {
      "type": "Feature",
      "properties": {
        "@id": "way/227095233",
        "highway": "tertiary",
        "name": "Chhatrapati Sambhaji Path",
        "name:etymology:wikidata": "Q2737041",
        "name:mr": "छत्रपती संभाजी पथ",
        "oneway": "yes"
      },
      "geometry": {
        "type": "LineString",
        "coordinates": [
          [
            73.8459983,
            18.5106379
          ],
          [
            73.8459437,
            18.5111878
          ]
        ]
      },
      "id": "way/227095233"
    },
    {
      "type": "Feature",
      "properties": {
        "@id": "way/227095237",
        "highway": "residential",
        "name": "Makarand Bhave Marg",
        "name:mr": "मकरंद भावे मार्ग",
        "surface": "asphalt"
      },
      "geometry": {
        "type": "LineString",
        "coordinates": [
          [
            73.8382358,
            18.5133429
          ],
          [
            73.8384902,
            18.5129653
          ],
          [
            73.838803,
            18.5124289
          ]
        ]
      },
      "id": "way/227095237"
    },
    {
      "type": "Feature",
      "properties": {
        "@id": "way/229873812",
        "highway": "tertiary",
        "name": "Chhatrapati Sambhaji Path",
        "name:etymology:wikidata": "Q2737041",
        "name:mr": "छत्रपती संभाजी पथ",
        "oneway": "yes"
      },
      "geometry": {
        "type": "LineString",
        "coordinates": [
          [
            73.8447087,
            18.5138185
          ],
          [
            73.8451786,
            18.5134863
          ],
          [
            73.8453115,
            18.513457
          ]
        ]
      },
      "id": "way/229873812"
    },
    {
      "type": "Feature",
      "properties": {
        "@id": "way/238567582",
        "highway": "residential"
      },
      "geometry": {
        "type": "LineString",
        "coordinates": [
          [
            73.8455485,
            18.5147426
          ],
          [
            73.8461004,
            18.5142432
          ],
          [
            73.8461235,
            18.5142084
          ],
          [
            73.8461648,
            18.5141394
          ],
          [
            73.8462371,
            18.5140295
          ],
          [
            73.8462822,
            18.5139289
          ],
          [
            73.8463277,
            18.5137776
          ]
        ]
      },
      "id": "way/238567582"
    },
    {
      "type": "Feature",
      "properties": {
        "@id": "way/239575192",
        "highway": "residential",
        "name": "Kashibai Vishnu Sane Path",
        "name:mr": "काशिबाई विष्णु साने पथ"
      },
      "geometry": {
        "type": "LineString",
        "coordinates": [
          [
            73.8376311,
            18.5180517
          ],
          [
            73.8376192,
            18.5174014
          ],
          [
            73.8376268,
            18.5172777
          ],
          [
            73.8375833,
            18.5169505
          ],
          [
            73.8375641,
            18.5168246
          ],
          [
            73.8374744,
            18.5163831
          ]
        ]
      },
      "id": "way/239575192"
    },
    {
      "type": "Feature",
      "properties": {
        "@id": "way/239575194",
        "highway": "residential"
      },
      "geometry": {
        "type": "LineString",
        "coordinates": [
          [
            73.8365358,
            18.5162614
          ],
          [
            73.8373094,
            18.5158579
          ],
          [
            73.8375908,
            18.5155248
          ]
        ]
      },
      "id": "way/239575194"
    },
    {
      "type": "Feature",
      "properties": {
        "@id": "way/239575195",
        "highway": "residential",
        "name": "Tatyasaheb Talim Path",
        "name:mr": "तात्यासाहेब तालीम पथ",
        "oneway": "yes"
      },
      "geometry": {
        "type": "LineString",
        "coordinates": [
          [
            73.8410989,
            18.5170788
          ],
          [
            73.8411116,
            18.5170312
          ],
          [
            73.8413194,
            18.5162502
          ],
          [
            73.8415203,
            18.5157335
          ]
        ]
      },
      "id": "way/239575195"
    },
    {
      "type": "Feature",
      "properties": {
        "@id": "way/239575197",
        "highway": "residential"
      },
      "geometry": {
        "type": "LineString",
        "coordinates": [
          [
            73.8400651,
            18.5172803
          ],
          [
            73.8410344,
            18.5170914
          ],
          [
            73.8410989,
            18.5170788
          ]
        ]
      },
      "id": "way/239575197"
    },
    {
      "type": "Feature",
      "properties": {
        "@id": "way/246580195",
        "highway": "primary",
        "lanes": "3",
        "name": "Karve Road",
        "name:etymology:wikidata": "Q3518496",
        "name:mr": "कर्वे रस्ता",
        "oneway": "yes",
        "ref": "SH60"
      },
      "geometry": {
        "type": "LineString",
        "coordinates": [
          [
            73.8405299,
            18.513159
          ],
          [
            73.8405749,
            18.5131772
          ],
          [
            73.8406368,
            18.5132022
          ],
          [
            73.8407609,
            18.513253
          ],
          [
            73.8409232,
            18.5133433
          ],
          [
            73.8410905,
            18.513455
          ],
          [
            73.8412146,
            18.5135751
          ],
          [
            73.8413569,
            18.5137105
          ],
          [
            73.8414998,
            18.5138464
          ]
        ]
      },
      "id": "way/246580195"
    },
    {
      "type": "Feature",
      "properties": {
        "@id": "way/246580198",
        "highway": "primary",
        "lanes": "2",
        "maxspeed": "65",
        "name": "Karve Road",
        "name:etymology:wikidata": "Q3518496",
        "name:mr": "कर्वे रस्ता",
        "oneway": "yes",
        "ref": "SH60"
      },
      "geometry": {
        "type": "LineString",
        "coordinates": [
          [
            73.8405641,
            18.5130809
          ],
          [
            73.840485,
            18.5130505
          ],
          [
            73.8402424,
            18.5129587
          ],
          [
            73.839788,
            18.5127867
          ],
          [
            73.8397044,
            18.5127507
          ],
          [
            73.8395117,
            18.5126677
          ],
          [
            73.8393448,
            18.5125958
          ],
          [
            73.8393109,
            18.5125812
          ],
          [
            73.838844,
            18.5123529
          ],
          [
            73.8382004,
            18.512039
          ],
          [
            73.8374298,
            18.5116572
          ]
        ]
      },
      "id": "way/246580198"
    },
    {
      "type": "Feature",
      "properties": {
        "@id": "way/246580199",
        "highway": "primary",
        "lanes": "2",
        "maxspeed": "65",
        "name": "Karve Road",
        "name:etymology:wikidata": "Q3518496",
        "name:mr": "कर्वे रस्ता",
        "oneway": "yes",
        "ref": "SH60",
        "surface": "asphalt"
      },
      "geometry": {
        "type": "LineString",
        "coordinates": [
          [
            73.8374021,
            18.5117398
          ],
          [
            73.8376948,
            18.5118848
          ],
          [
            73.838159,
            18.5121148
          ],
          [
            73.8384649,
            18.512264
          ],
          [
            73.838803,
            18.5124289
          ],
          [
            73.8389841,
            18.5125175
          ],
          [
            73.8392716,
            18.5126581
          ],
          [
            73.8395503,
            18.5127781
          ],
          [
            73.8397526,
            18.5128652
          ],
          [
            73.8398134,
            18.5128882
          ],
          [
            73.840448,
            18.5131284
          ],
          [
            73.8405299,
            18.513159
          ]
        ]
      },
      "id": "way/246580199"
    },
    {
      "type": "Feature",
      "properties": {
        "@id": "way/248446085",
        "highway": "tertiary",
        "lane_markings": "no",
        "oneway": "yes",
        "surface": "asphalt"
      },
      "geometry": {
        "type": "LineString",
        "coordinates": [
          [
            73.8405641,
            18.5130809
          ],
          [
            73.8405299,
            18.513159
          ]
        ]
      },
      "id": "way/248446085"
    },
    {
      "type": "Feature",
      "properties": {
        "@id": "way/250116182",
        "highway": "primary",
        "lanes": "3",
        "name": "Karve Road",
        "name:etymology:wikidata": "Q3518496",
        "name:mr": "कर्वे रस्ता",
        "oneway": "yes",
        "ref": "SH60"
      },
      "geometry": {
        "type": "LineString",
        "coordinates": [
          [
            73.8415826,
            18.5137712
          ],
          [
            73.8414452,
            18.5136406
          ],
          [
            73.8412876,
            18.5134908
          ],
          [
            73.8411516,
            18.5133826
          ],
          [
            73.8409691,
            18.5132699
          ],
          [
            73.8408017,
            18.5131767
          ],
          [
            73.8406731,
            18.5131241
          ],
          [
            73.8406095,
            18.513099
          ]
        ]
      },
      "id": "way/250116182"
    },
    {
      "type": "Feature",
      "properties": {
        "@id": "way/250116188",
        "highway": "primary",
        "lanes": "3",
        "name": "Karve Road",
        "name:etymology:wikidata": "Q3518496",
        "name:mr": "कर्वे रस्ता",
        "oneway": "yes",
        "ref": "SH60",
        "surface": "asphalt"
      },
      "geometry": {
        "type": "LineString",
        "coordinates": [
          [
            73.8414998,
            18.5138464
          ],
          [
            73.8415661,
            18.5139077
          ],
          [
            73.8421049,
            18.5144052
          ],
          [
            73.8422077,
            18.514481
          ],
          [
            73.8422113,
            18.5144837
          ],
          [
            73.8422596,
            18.5145142
          ],
          [
            73.8423273,
            18.5145486
          ]
        ]
      },
      "id": "way/250116188"
    },
    {
      "type": "Feature",
      "properties": {
        "@id": "way/250116206",
        "highway": "residential",
        "name": "Baburao Tangewale Path",
        "name:mr": "बाबुराव टांगेवाले पथ"
      },
      "geometry": {
        "type": "LineString",
        "coordinates": [
          [
            73.8423079,
            18.5157778
          ],
          [
            73.8423918,
            18.5157491
          ],
          [
            73.8428807,
            18.5155661
          ]
        ]
      },
      "id": "way/250116206"
    },
    {
      "type": "Feature",
      "properties": {
        "@id": "way/264444904",
        "highway": "residential"
      },
      "geometry": {
        "type": "LineString",
        "coordinates": [
          [
            73.846032,
            18.5163968
          ],
          [
            73.8461345,
            18.5163291
          ],
          [
            73.84615,
            18.5162905
          ],
          [
            73.8461365,
            18.5162375
          ],
          [
            73.8461229,
            18.5161875
          ],
          [
            73.8461428,
            18.5161442
          ],
          [
            73.8461544,
            18.5160966
          ],
          [
            73.8461305,
            18.5160182
          ]
        ]
      },
      "id": "way/264444904"
    },
    {
      "type": "Feature",
      "properties": {
        "@id": "way/275490298",
        "highway": "primary_link",
        "lanes": "2",
        "lit": "yes",
        "oneway": "yes",
        "surface": "asphalt"
      },
      "geometry": {
        "type": "LineString",
        "coordinates": [
          [
            73.8423167,
            18.515868
          ],
          [
            73.8422682,
            18.5158352
          ],
          [
            73.842226,
            18.515811
          ],
          [
            73.8421898,
            18.515801
          ],
          [
            73.8421633,
            18.5157994
          ],
          [
            73.8421431,
            18.5157982
          ],
          [
            73.8421194,
            18.5158008
          ],
          [
            73.8420893,
            18.5158177
          ],
          [
            73.8420633,
            18.5158452
          ],
          [
            73.8420429,
            18.5158823
          ]
        ]
      },
      "id": "way/275490298"
    },
    {
      "type": "Feature",
      "properties": {
        "@id": "way/276154601",
        "highway": "service"
      },
      "geometry": {
        "type": "LineString",
        "coordinates": [
          [
            73.8448532,
            18.513062
          ],
          [
            73.8448209,
            18.5131633
          ],
          [
            73.8447858,
            18.5132207
          ]
        ]
      },
      "id": "way/276154601"
    },
    {
      "type": "Feature",
      "properties": {
        "@id": "way/281308015",
        "alt_name": "Ferguson College Road",
        "alt_name:mr": "फर्ग्युसन कॉलेज रस्ता",
        "highway": "primary",
        "lanes": "2",
        "lit": "yes",
        "name": "Gopal Krushna Gokhale Path",
        "name:etymology:wikidata": "Q313299",
        "name:mr": "गोपाळ कृष्ण गोखले पथ",
        "oneway": "yes",
        "ref": "SH60",
        "surface": "asphalt"
      },
      "geometry": {
        "type": "LineString",
        "coordinates": [
          [
            73.8419601,
            18.5160631
          ],
          [
            73.8419224,
            18.516197
          ],
          [
            73.8418664,
            18.5163955
          ],
          [
            73.8417357,
            18.5169144
          ],
          [
            73.8416601,
            18.5172509
          ],
          [
            73.8416331,
            18.5173639
          ],
          [
            73.8416184,
            18.5174252
          ],
          [
            73.8416037,
            18.5174963
          ],
          [
            73.8415875,
            18.5175742
          ],
          [
            73.8415617,
            18.5177284
          ],
          [
            73.8415123,
            18.5180232
          ],
          [
            73.8414602,
            18.5183339
          ],
          [
            73.8413925,
            18.5187409
          ],
          [
            73.8413309,
            18.5191109
          ],
          [
            73.841293,
            18.5193386
          ],
          [
            73.841194,
            18.5199083
          ],
          [
            73.8411174,
            18.5204561
          ],
          [
            73.8411081,
            18.5205223
          ],
          [
            73.8410792,
            18.5207289
          ],
          [
            73.8410584,
            18.5208625
          ],
          [
            73.8410377,
            18.520996
          ],
          [
            73.8410068,
            18.5212708
          ],
          [
            73.8409937,
            18.5213873
          ],
          [
            73.8409397,
            18.5218669
          ],
          [
            73.8409335,
            18.5220193
          ],
          [
            73.8409325,
            18.5220432
          ],
          [
            73.8409202,
            18.5223467
          ],
          [
            73.8409179,
            18.5224042
          ],
          [
            73.8409127,
            18.5225313
          ],
          [
            73.8409134,
            18.5225565
          ],
          [
            73.8409165,
            18.5226744
          ],
          [
            73.8409438,
            18.5228669
          ],
          [
            73.8411943,
            18.5239295
          ],
          [
            73.8412991,
            18.5243741
          ],
          [
            73.8413279,
            18.5244963
          ],
          [
            73.8413425,
            18.524561
          ]
        ]
      },
      "id": "way/281308015"
    },
    {
      "type": "Feature",
      "properties": {
        "@id": "way/281308016",
        "alt_name": "JM Road",
        "highway": "primary",
        "lanes": "3",
        "lit": "yes",
        "name": "Jangli Maharaj Path",
        "name:etymology:wikidata": "Q6153993",
        "name:mr": "जंगली महाराज पथ",
        "oneway": "yes",
        "ref": "SH60",
        "surface": "asphalt"
      },
      "geometry": {
        "type": "LineString",
        "coordinates": [
          [
            73.8424086,
            18.5159336
          ],
          [
            73.8423079,
            18.5157778
          ],
          [
            73.8422851,
            18.5157436
          ]
        ]
      },
      "id": "way/281308016"
    },
    {
      "type": "Feature",
      "properties": {
        "@id": "way/281844154",
        "highway": "residential",
        "name": "Appasaheb Padwal Path",
        "name:mr": "अप्पासाहेब पडवळ पथ"
      },
      "geometry": {
        "type": "LineString",
        "coordinates": [
          [
            73.8434954,
            18.5098794
          ],
          [
            73.8435397,
            18.5098913
          ],
          [
            73.8438184,
            18.5099658
          ],
          [
            73.8441093,
            18.510043
          ],
          [
            73.8444428,
            18.510114
          ],
          [
            73.8455601,
            18.5103418
          ],
          [
            73.8455477,
            18.510466
          ],
          [
            73.84601,
            18.5105337
          ]
        ]
      },
      "id": "way/281844154"
    },
    {
      "type": "Feature",
      "properties": {
        "@id": "way/282484387",
        "bench": "yes",
        "bus": "yes",
        "highway": "platform",
        "name": "Alka Talkies",
        "name:mr": "अलका टॉकीज",
        "public_transport": "platform",
        "shelter": "yes"
      },
      "geometry": {
        "type": "LineString",
        "coordinates": [
          [
            73.8447529,
            18.5129321
          ],
          [
            73.8448036,
            18.5129387
          ]
        ]
      },
      "id": "way/282484387"
    },
    {
      "type": "Feature",
      "properties": {
        "@id": "way/282484401",
        "bench": "yes",
        "bus": "yes",
        "highway": "platform",
        "name": "Deccan Corner",
        "name:mr": "डेक्कन कॉर्नर",
        "public_transport": "platform",
        "shelter": "yes"
      },
      "geometry": {
        "type": "LineString",
        "coordinates": [
          [
            73.8411443,
            18.5133009
          ],
          [
            73.8412394,
            18.5133682
          ]
        ]
      },
      "id": "way/282484401"
    },
    {
      "type": "Feature",
      "properties": {
        "@id": "way/282484402",
        "bench": "yes",
        "bus": "yes",
        "highway": "platform",
        "name": "Deccan Corner",
        "name:mr": "डेक्कन कॉर्नर",
        "public_transport": "platform",
        "shelter": "yes"
      },
      "geometry": {
        "type": "LineString",
        "coordinates": [
          [
            73.8410042,
            18.5134961
          ],
          [
            73.8410682,
            18.5135502
          ]
        ]
      },
      "id": "way/282484402"
    },
    {
      "type": "Feature",
      "properties": {
        "@id": "way/282484406",
        "bench": "yes",
        "bus": "yes",
        "highway": "platform",
        "name": "Garware Mahavidyalay",
        "name:mr": "गरवारे महाविद्यालय",
        "public_transport": "platform",
        "shelter": "yes"
      },
      "geometry": {
        "type": "LineString",
        "coordinates": [
          [
            73.8388349,
            18.5122896
          ],
          [
            73.8389386,
            18.5123426
          ]
        ]
      },
      "id": "way/282484406"
    },
    {
      "type": "Feature",
      "properties": {
        "@id": "way/282484427",
        "abutters": "retail",
        "highway": "tertiary",
        "lanes": "2",
        "name": "Laxmi Path",
        "name:mr": "लक्ष्मी पथ",
        "oneway": "yes"
      },
      "geometry": {
        "type": "LineString",
        "coordinates": [
          [
            73.8537421,
            18.5145251
          ],
          [
            73.8523177,
            18.5144753
          ],
          [
            73.8515993,
            18.5143807
          ],
          [
            73.8501151,
            18.5141854
          ],
          [
            73.8498079,
            18.5141488
          ],
          [
            73.8491322,
            18.5140682
          ],
          [
            73.8488306,
            18.5140322
          ],
          [
            73.8484591,
            18.5139879
          ],
          [
            73.8472286,
            18.5138627
          ],
          [
            73.8469163,
            18.5138217
          ],
          [
            73.8463277,
            18.5137776
          ],
          [
            73.8461613,
            18.5137283
          ],
          [
            73.8460506,
            18.5136979
          ],
          [
            73.8453115,
            18.513457
          ]
        ]
      },
      "id": "way/282484427"
    },
    {
      "type": "Feature",
      "properties": {
        "@id": "way/282484449",
        "alt_name": "Lakadi Pul",
        "alt_name:mr": "लकडी पूल",
        "highway": "primary",
        "lanes": "2",
        "name": "Sambhaji Bridge",
        "name:etymology:wikidata": "Q2737041",
        "name:mr": "संभाजी पूल",
        "oneway": "yes",
        "surface": "asphalt"
      },
      "geometry": {
        "type": "LineString",
        "coordinates": [
          [
            73.8424559,
            18.5142662
          ],
          [
            73.842418,
            18.5143263
          ],
          [
            73.8424026,
            18.5143508
          ],
          [
            73.8423542,
            18.5144652
          ]
        ]
      },
      "id": "way/282484449"
    },
    {
      "type": "Feature",
      "properties": {
        "@id": "way/282484455",
        "bench": "yes",
        "bus": "yes",
        "highway": "platform",
        "name": "Vijay Talkies",
        "name:mr": "विजय टॉकीज",
        "public_transport": "platform",
        "shelter": "yes"
      },
      "geometry": {
        "type": "LineString",
        "coordinates": [
          [
            73.84614,
            18.5136749
          ],
          [
            73.8462004,
            18.5136908
          ]
        ]
      },
      "id": "way/282484455"
    },
    {
      "type": "Feature",
      "properties": {
        "@id": "way/283124011",
        "bench": "yes",
        "bus": "yes",
        "highway": "platform",
        "name": "Alka Talkies",
        "name:mr": "अलका टॉकीज",
        "public_transport": "platform",
        "shelter": "yes"
      },
      "geometry": {
        "type": "LineString",
        "coordinates": [
          [
            73.8443519,
            18.5134375
          ],
          [
            73.8443819,
            18.5134747
          ]
        ]
      },
      "id": "way/283124011"
    },
    {
      "type": "Feature",
      "properties": {
        "@id": "way/283124023",
        "abutters": "retail",
        "highway": "tertiary",
        "lanes": "2",
        "name": "Laxmi Path",
        "name:mr": "लक्ष्मी पथ",
        "oneway": "yes"
      },
      "geometry": {
        "type": "LineString",
        "coordinates": [
          [
            73.8453115,
            18.513457
          ],
          [
            73.845193,
            18.5134104
          ],
          [
            73.8449935,
            18.5133175
          ],
          [
            73.8447858,
            18.5132207
          ],
          [
            73.8445901,
            18.513129
          ],
          [
            73.8442374,
            18.5129638
          ],
          [
            73.844221,
            18.5129572
          ],
          [
            73.8439554,
            18.5128496
          ]
        ]
      },
      "id": "way/283124023"
    },
    {
      "type": "Feature",
      "properties": {
        "@id": "way/290528074",
        "alt_name": "Tilak Road",
        "alt_name:mr": "टिळक रस्ता",
        "highway": "secondary",
        "lanes": "2",
        "name": "Lokmanya Tilak Marg",
        "name:en": "Lokmanya Tilak Road",
        "name:etymology:wikidata": "Q312555",
        "name:mr": "लोकमान्य टिळक मार्ग",
        "oneway": "no",
        "surface": "asphalt"
      },
      "geometry": {
        "type": "LineString",
        "coordinates": [
          [
            73.8500273,
            18.5080676
          ],
          [
            73.8499487,
            18.5081287
          ],
          [
            73.8497003,
            18.5082867
          ],
          [
            73.8492863,
            18.5085487
          ],
          [
            73.8491441,
            18.5086514
          ],
          [
            73.8480978,
            18.5092333
          ],
          [
            73.8474087,
            18.5096158
          ],
          [
            73.8472728,
            18.5096913
          ],
          [
            73.8471479,
            18.5097706
          ],
          [
            73.8466999,
            18.510104
          ],
          [
            73.8465616,
            18.510212
          ],
          [
            73.8465284,
            18.5102399
          ],
          [
            73.8462835,
            18.5104237
          ]
        ]
      },
      "id": "way/290528074"
    },
    {
      "type": "Feature",
      "properties": {
        "@id": "way/292755671",
        "highway": "residential"
      },
      "geometry": {
        "type": "LineString",
        "coordinates": [
          [
            73.8368888,
            18.512254
          ],
          [
            73.836938,
            18.5122795
          ],
          [
            73.8374934,
            18.5125675
          ]
        ]
      },
      "id": "way/292755671"
    },
    {
      "type": "Feature",
      "properties": {
        "@id": "way/311629552",
        "highway": "primary",
        "name": "Narubhau Limaye Path",
        "name:mr": "नरुभाऊ लिमये पथ",
        "oneway": "yes"
      },
      "geometry": {
        "type": "LineString",
        "coordinates": [
          [
            73.8415875,
            18.5175742
          ],
          [
            73.8416945,
            18.5175535
          ],
          [
            73.8418682,
            18.5175166
          ],
          [
            73.8424544,
            18.517397
          ],
          [
            73.8429203,
            18.5173015
          ],
          [
            73.8430321,
            18.5172803
          ],
          [
            73.8431048,
            18.517242
          ],
          [
            73.8431366,
            18.5172041
          ],
          [
            73.8431482,
            18.5171225
          ],
          [
            73.8431467,
            18.5170978
          ],
          [
            73.8431323,
            18.5168602
          ]
        ]
      },
      "id": "way/311629552"
    },
    {
      "type": "Feature",
      "properties": {
        "@id": "way/311629553",
        "alt_name": "Lakadi Pul",
        "alt_name:mr": "लकडी पूल",
        "highway": "primary",
        "lanes": "3",
        "lit": "yes",
        "name": "Sambhaji Bridge",
        "name:etymology:wikidata": "Q2737041",
        "name:mr": "संभाजी पूल",
        "oneway": "yes",
        "surface": "asphalt"
      },
      "geometry": {
        "type": "LineString",
        "coordinates": [
          [
            73.8424888,
            18.5144063
          ],
          [
            73.842509,
            18.5143781
          ],
          [
            73.8426566,
            18.5141723
          ]
        ]
      },
      "id": "way/311629553"
    },
    {
      "type": "Feature",
      "properties": {
        "@id": "way/436385623",
        "highway": "residential"
      },
      "geometry": {
        "type": "LineString",
        "coordinates": [
          [
            73.8381388,
            18.5153254
          ],
          [
            73.8381061,
            18.5149372
          ],
          [
            73.8381307,
            18.5145908
          ],
          [
            73.8381374,
            18.5144969
          ],
          [
            73.8382063,
            18.5140953
          ]
        ]
      },
      "id": "way/436385623"
    },
    {
      "type": "Feature",
      "properties": {
        "@id": "way/436385624",
        "highway": "residential"
      },
      "geometry": {
        "type": "LineString",
        "coordinates": [
          [
            73.8428807,
            18.5155661
          ],
          [
            73.8431351,
            18.5154658
          ]
        ]
      },
      "id": "way/436385624"
    },
    {
      "type": "Feature",
      "properties": {
        "@id": "way/436385625",
        "highway": "residential"
      },
      "geometry": {
        "type": "LineString",
        "coordinates": [
          [
            73.8426286,
            18.5152303
          ],
          [
            73.8429875,
            18.5150644
          ]
        ]
      },
      "id": "way/436385625"
    },
    {
      "type": "Feature",
      "properties": {
        "@id": "way/436385626",
        "highway": "residential",
        "surface": "asphalt"
      },
      "geometry": {
        "type": "LineString",
        "coordinates": [
          [
            73.8425066,
            18.5149778
          ],
          [
            73.8427881,
            18.5148432
          ]
        ]
      },
      "id": "way/436385626"
    },
    {
      "type": "Feature",
      "properties": {
        "@id": "way/477069945",
        "highway": "residential",
        "name": "Lane no 4",
        "surface": "asphalt"
      },
      "geometry": {
        "type": "LineString",
        "coordinates": [
          [
            73.8390165,
            18.5179228
          ],
          [
            73.8390612,
            18.5182841
          ],
          [
            73.8394585,
            18.5182288
          ],
          [
            73.8394876,
            18.5182165
          ],
          [
            73.8394963,
            18.5181864
          ],
          [
            73.8394519,
            18.51786
          ]
        ]
      },
      "id": "way/477069945"
    },
    {
      "type": "Feature",
      "properties": {
        "@id": "way/660944512",
        "bicycle": "yes",
        "foot": "yes",
        "goods": "no",
        "hgv": "no",
        "highway": "tertiary",
        "motorcycle": "yes",
        "name": "Chavan Bridge",
        "name:etymology:wikidata": "Q1764541",
        "name:mr": "यशवंतराव चव्हाण पूल",
        "oneway": "yes"
      },
      "geometry": {
        "type": "LineString",
        "coordinates": [
          [
            73.8420168,
            18.5112563
          ],
          [
            73.8419446,
            18.5112963
          ]
        ]
      },
      "id": "way/660944512"
    },
    {
      "type": "Feature",
      "properties": {
        "@id": "way/814906035",
        "highway": "residential",
        "lanes": "1",
        "layer": "-1",
        "name": "Deccan PMPML Bus Stand Road",
        "oneway": "yes",
        "wikidata": "Q7260109",
        "wikipedia": "en:Pune Mahanagar Parivahan Mahamandal Limited"
      },
      "geometry": {
        "type": "LineString",
        "coordinates": [
          [
            73.8429832,
            18.5166679
          ],
          [
            73.84302,
            18.5166436
          ],
          [
            73.843065,
            18.5166106
          ],
          [
            73.8431043,
            18.5165821
          ],
          [
            73.8432151,
            18.5165014
          ],
          [
            73.843283,
            18.5164519
          ],
          [
            73.8433828,
            18.5163792
          ],
          [
            73.8434723,
            18.5163139
          ]
        ]
      },
      "id": "way/814906035"
    },
    {
      "type": "Feature",
      "properties": {
        "@id": "way/814906036",
        "highway": "residential",
        "name": "Deccan Bus Stop Lane 1",
        "oneway": "yes"
      },
      "geometry": {
        "type": "LineString",
        "coordinates": [
          [
            73.8431043,
            18.5165821
          ],
          [
            73.8429948,
            18.5164368
          ],
          [
            73.8429538,
            18.5163824
          ],
          [
            73.8428713,
            18.516279
          ],
          [
            73.8428173,
            18.5162127
          ]
        ]
      },
      "id": "way/814906036"
    },
    {
      "type": "Feature",
      "properties": {
        "@id": "way/814906037",
        "highway": "residential",
        "lanes": "1",
        "layer": "-1",
        "name": "Deccan Bus Stop Lane 2",
        "oneway": "yes",
        "tunnel": "building_passage"
      },
      "geometry": {
        "type": "LineString",
        "coordinates": [
          [
            73.8432151,
            18.5165014
          ],
          [
            73.8431113,
            18.5163631
          ],
          [
            73.8430524,
            18.5162846
          ],
          [
            73.8430015,
            18.5162305
          ]
        ]
      },
      "id": "way/814906037"
    },
    {
      "type": "Feature",
      "properties": {
        "@id": "way/814906038",
        "highway": "residential",
        "lanes": "1",
        "layer": "-1",
        "name": "Deccan Bus Stop Lane 5",
        "oneway": "yes",
        "tunnel": "building_passage",
        "wikidata": "Q7260109",
        "wikipedia": "en:Pune Mahanagar Parivahan Mahamandal Limited"
      },
      "geometry": {
        "type": "LineString",
        "coordinates": [
          [
            73.8434723,
            18.5163139
          ],
          [
            73.8433994,
            18.5162088
          ],
          [
            73.8433264,
            18.5161142
          ]
        ]
      },
      "id": "way/814906038"
    },
    {
      "type": "Feature",
      "properties": {
        "@id": "way/814906039",
        "highway": "residential",
        "name": "Deccan PMPML Bus Stand Road",
        "oneway": "yes"
      },
      "geometry": {
        "type": "LineString",
        "coordinates": [
          [
            73.8433264,
            18.5161142
          ],
          [
            73.8432115,
            18.5161522
          ],
          [
            73.8430734,
            18.5162058
          ],
          [
            73.8430015,
            18.5162305
          ],
          [
            73.8428713,
            18.516279
          ]
        ]
      },
      "id": "way/814906039"
    },
    {
      "type": "Feature",
      "properties": {
        "@id": "way/814906040",
        "highway": "residential",
        "lanes": "1",
        "layer": "-1",
        "name": "Deccan Bus Stop Lane 3",
        "oneway": "yes",
        "tunnel": "building_passage",
        "wikidata": "Q7260109",
        "wikipedia": "en:Pune Mahanagar Parivahan Mahamandal Limited"
      },
      "geometry": {
        "type": "LineString",
        "coordinates": [
          [
            73.843283,
            18.5164519
          ],
          [
            73.8431823,
            18.5163263
          ],
          [
            73.8430734,
            18.5162058
          ]
        ]
      },
      "id": "way/814906040"
    },
    {
      "type": "Feature",
      "properties": {
        "@id": "way/814906041",
        "highway": "residential",
        "lanes": "1",
        "layer": "-1",
        "name": "Deccan Bus Stop Lane 4",
        "oneway": "yes",
        "tunnel": "building_passage",
        "wikidata": "Q7260109",
        "wikipedia": "en:Pune Mahanagar Parivahan Mahamandal Limited"
      },
      "geometry": {
        "type": "LineString",
        "coordinates": [
          [
            73.8433828,
            18.5163792
          ],
          [
            73.8432985,
            18.5162657
          ],
          [
            73.8432115,
            18.5161522
          ]
        ]
      },
      "id": "way/814906041"
    },
    {
      "type": "Feature",
      "properties": {
        "@id": "way/817794776",
        "highway": "tertiary",
        "name": "Riverside Road",
        "oneway": "no"
      },
      "geometry": {
        "type": "LineString",
        "coordinates": [
          [
            73.8369623,
            18.5079007
          ],
          [
            73.8395489,
            18.5104495
          ],
          [
            73.8396781,
            18.5105866
          ],
          [
            73.8397455,
            18.510678
          ],
          [
            73.8399122,
            18.5109102
          ],
          [
            73.8400212,
            18.5110782
          ],
          [
            73.8410056,
            18.5126279
          ],
          [
            73.8410874,
            18.5127545
          ],
          [
            73.8411528,
            18.5128308
          ],
          [
            73.8412346,
            18.51292
          ],
          [
            73.8413123,
            18.5129897
          ],
          [
            73.8414254,
            18.5130737
          ],
          [
            73.8423599,
            18.5138048
          ],
          [
            73.842799,
            18.5141484
          ],
          [
            73.842908,
            18.5142466
          ],
          [
            73.8430143,
            18.5143655
          ],
          [
            73.8436233,
            18.5150868
          ],
          [
            73.8437255,
            18.5152108
          ],
          [
            73.8440607,
            18.5157084
          ]
        ]
      },
      "id": "way/817794776"
    },
    {
      "type": "Feature",
      "properties": {
        "@id": "way/817794777",
        "highway": "tertiary",
        "name": "Jagannath Kaniram Kasat Path",
        "name:mr": "जगन्नाथ कनिराम कासट पथ"
      },
      "geometry": {
        "type": "LineString",
        "coordinates": [
          [
            73.8426665,
            18.5162708
          ],
          [
            73.8427643,
            18.5162331
          ],
          [
            73.8428173,
            18.5162127
          ],
          [
            73.8431351,
            18.5160992
          ],
          [
            73.8433092,
            18.516061
          ],
          [
            73.8434761,
            18.5160188
          ],
          [
            73.8437704,
            18.5158693
          ]
        ]
      },
      "id": "way/817794777"
    },
    {
      "type": "Feature",
      "properties": {
        "@id": "way/817794778",
        "highway": "residential",
        "name": "Riverside Road",
        "oneway": "no"
      },
      "geometry": {
        "type": "LineString",
        "coordinates": [
          [
            73.8440607,
            18.5157084
          ],
          [
            73.8442987,
            18.5160085
          ],
          [
            73.8444704,
            18.516217
          ],
          [
            73.8445696,
            18.5163518
          ],
          [
            73.844693,
            18.5165222
          ],
          [
            73.8449122,
            18.5167783
          ]
        ]
      },
      "id": "way/817794778"
    },
    {
      "type": "Feature",
      "properties": {
        "@id": "way/823071264",
        "highway": "primary",
        "lanes": "2",
        "name": "Karve Road",
        "name:etymology:wikidata": "Q3518496",
        "name:mr": "कर्वे रस्ता",
        "oneway": "yes",
        "ref": "SH60",
        "surface": "asphalt"
      },
      "geometry": {
        "type": "LineString",
        "coordinates": [
          [
            73.8423542,
            18.5144652
          ],
          [
            73.8422491,
            18.5143797
          ],
          [
            73.8421877,
            18.5143298
          ]
        ]
      },
      "id": "way/823071264"
    },
    {
      "type": "Feature",
      "properties": {
        "@id": "way/823071265",
        "alt_name": "FC Road",
        "highway": "primary",
        "lanes": "2",
        "lit": "yes",
        "name": "Gopal Krushna Gokhale Path",
        "name:etymology:wikidata": "Q313299",
        "name:mr": "गोपाळ कृष्ण गोखले पथ",
        "oneway": "yes",
        "ref": "SH60",
        "surface": "asphalt"
      },
      "geometry": {
        "type": "LineString",
        "coordinates": [
          [
            73.8423273,
            18.5145486
          ],
          [
            73.842319,
            18.5145989
          ],
          [
            73.8423069,
            18.5146806
          ],
          [
            73.8423015,
            18.5147012
          ],
          [
            73.8422946,
            18.5147275
          ],
          [
            73.8421124,
            18.5154062
          ],
          [
            73.8420954,
            18.5154719
          ]
        ]
      },
      "id": "way/823071265"
    },
    {
      "type": "Feature",
      "properties": {
        "@id": "way/823071266",
        "alt_name": "JM Road",
        "highway": "primary",
        "lanes": "3",
        "lit": "yes",
        "name": "Jangli Maharaj Path",
        "name:etymology:wikidata": "Q6153993",
        "name:mr": "जंगली महाराज पथ",
        "oneway": "yes",
        "ref": "SH60",
        "surface": "asphalt"
      },
      "geometry": {
        "type": "LineString",
        "coordinates": [
          [
            73.8423955,
            18.5147031
          ],
          [
            73.8424112,
            18.5146195
          ],
          [
            73.842416,
            18.5145937
          ]
        ]
      },
      "id": "way/823071266"
    },
    {
      "type": "Feature",
      "properties": {
        "@id": "way/823071267",
        "highway": "primary",
        "lanes": "3",
        "name": "Karve Road",
        "name:etymology:wikidata": "Q3518496",
        "name:mr": "कर्वे रस्ता",
        "oneway": "yes",
        "ref": "SH60",
        "surface": "asphalt"
      },
      "geometry": {
        "type": "LineString",
        "coordinates": [
          [
            73.8423273,
            18.5145486
          ],
          [
            73.842416,
            18.5145937
          ]
        ]
      },
      "id": "way/823071267"
    },
    {
      "type": "Feature",
      "properties": {
        "@id": "way/823071268",
        "highway": "primary",
        "lanes": "3",
        "name": "Karve Road",
        "name:etymology:wikidata": "Q3518496",
        "name:mr": "कर्वे रस्ता",
        "oneway": "yes",
        "ref": "SH60",
        "surface": "asphalt"
      },
      "geometry": {
        "type": "LineString",
        "coordinates": [
          [
            73.842441,
            18.5145156
          ],
          [
            73.8423542,
            18.5144652
          ]
        ]
      },
      "id": "way/823071268"
    },
    {
      "type": "Feature",
      "properties": {
        "@id": "way/823071269",
        "highway": "primary",
        "lane_markings": "no",
        "oneway": "yes",
        "surface": "asphalt"
      },
      "geometry": {
        "type": "LineString",
        "coordinates": [
          [
            73.842441,
            18.5145156
          ],
          [
            73.8424547,
            18.514486
          ],
          [
            73.8424888,
            18.5144063
          ]
        ]
      },
      "id": "way/823071269"
    },
    {
      "type": "Feature",
      "properties": {
        "@id": "way/991282325",
        "highway": "secondary",
        "lanes": "1",
        "name": "Lokmanya Tilak Marg",
        "name:etymology:wikidata": "Q312555",
        "name:mr": "लोकमान्य टिळक मार्ग",
        "oneway": "yes"
      },
      "geometry": {
        "type": "LineString",
        "coordinates": [
          [
            73.8437641,
            18.512278
          ],
          [
            73.8438559,
            18.5122071
          ],
          [
            73.8439042,
            18.5121646
          ],
          [
            73.8440139,
            18.512072
          ],
          [
            73.8440337,
            18.5120002
          ]
        ]
      },
      "id": "way/991282325"
    },
    {
      "type": "Feature",
      "properties": {
        "@id": "way/991282327",
        "highway": "secondary",
        "lanes": "1",
        "name": "Lokmanya Tilak Marg",
        "name:etymology:wikidata": "Q312555",
        "name:mr": "लोकमान्य टिळक मार्ग",
        "oneway": "yes"
      },
      "geometry": {
        "type": "LineString",
        "coordinates": [
          [
            73.8440337,
            18.5120002
          ],
          [
            73.843963,
            18.5120221
          ],
          [
            73.8438757,
            18.5121017
          ],
          [
            73.8438625,
            18.512113
          ],
          [
            73.8438235,
            18.5121486
          ],
          [
            73.843735,
            18.5122168
          ]
        ]
      },
      "id": "way/991282327"
    },
    {
      "type": "Feature",
      "properties": {
        "@id": "way/1003161702",
        "abutters": "retail",
        "highway": "tertiary",
        "lanes": "2",
        "name": "Laxmi Path",
        "name:mr": "लक्ष्मी पथ",
        "oneway": "no"
      },
      "geometry": {
        "type": "LineString",
        "coordinates": [
          [
            73.8439554,
            18.5128496
          ],
          [
            73.8438536,
            18.5128013
          ]
        ]
      },
      "id": "way/1003161702"
    },
    {
      "type": "Feature",
      "properties": {
        "@id": "way/1063481198",
        "access": "private",
        "highway": "service",
        "oneway": "yes"
      },
      "geometry": {
        "type": "LineString",
        "coordinates": [
          [
            73.8379295,
            18.5106666
          ],
          [
            73.838072,
            18.5105362
          ],
          [
            73.8386274,
            18.5100616
          ],
          [
            73.8386505,
            18.5100541
          ],
          [
            73.8386766,
            18.5100504
          ],
          [
            73.8387023,
            18.5100597
          ],
          [
            73.8387717,
            18.5101171
          ],
          [
            73.8390792,
            18.5104572
          ],
          [
            73.8390925,
            18.5104775
          ],
          [
            73.8390956,
            18.5104978
          ],
          [
            73.8390882,
            18.5105161
          ],
          [
            73.8389938,
            18.5106196
          ],
          [
            73.8389754,
            18.5106521
          ],
          [
            73.8389658,
            18.5106735
          ],
          [
            73.8389672,
            18.5106972
          ],
          [
            73.8390249,
            18.5108559
          ]
        ]
      },
      "id": "way/1063481198"
    },
    {
      "type": "Feature",
      "properties": {
        "@id": "way/1117566214",
        "highway": "residential",
        "surface": "concrete"
      },
      "geometry": {
        "type": "LineString",
        "coordinates": [
          [
            73.8436715,
            18.516505
          ],
          [
            73.843732,
            18.5164731
          ]
        ]
      },
      "id": "way/1117566214"
    },
    {
      "type": "Feature",
      "properties": {
        "@id": "way/1117971043",
        "access": "private",
        "highway": "service",
        "surface": "asphalt"
      },
      "geometry": {
        "type": "LineString",
        "coordinates": [
          [
            73.8443332,
            18.5182265
          ],
          [
            73.8443789,
            18.5181955
          ],
          [
            73.8446638,
            18.5180019
          ]
        ]
      },
      "id": "way/1117971043"
    },
    {
      "type": "Feature",
      "properties": {
        "@id": "way/1117971044",
        "access": "private",
        "highway": "service"
      },
      "geometry": {
        "type": "LineString",
        "coordinates": [
          [
            73.8441676,
            18.51804
          ],
          [
            73.844048,
            18.5181167
          ],
          [
            73.8440339,
            18.5181257
          ],
          [
            73.8437965,
            18.518278
          ]
        ]
      },
      "id": "way/1117971044"
    },
    {
      "type": "Feature",
      "properties": {
        "@id": "way/1117971045",
        "access": "private",
        "highway": "service"
      },
      "geometry": {
        "type": "LineString",
        "coordinates": [
          [
            73.8434606,
            18.5171256
          ],
          [
            73.8434869,
            18.5171111
          ],
          [
            73.8437231,
            18.5169474
          ]
        ]
      },
      "id": "way/1117971045"
    },
    {
      "type": "Feature",
      "properties": {
        "@id": "way/1117971046",
        "highway": "service"
      },
      "geometry": {
        "type": "LineString",
        "coordinates": [
          [
            73.8431972,
            18.5169421
          ],
          [
            73.843271,
            18.5168892
          ],
          [
            73.8432937,
            18.5168736
          ],
          [
            73.843412,
            18.5167935
          ]
        ]
      },
      "id": "way/1117971046"
    },
    {
      "type": "Feature",
      "properties": {
        "@id": "way/1117971182",
        "bicycle": "no",
        "highway": "service",
        "motor_vehicle": "no"
      },
      "geometry": {
        "type": "LineString",
        "coordinates": [
          [
            73.8428465,
            18.5164965
          ],
          [
            73.8427299,
            18.5165634
          ],
          [
            73.8426003,
            18.5166377
          ],
          [
            73.8424817,
            18.5167064
          ],
          [
            73.8424445,
            18.5167115
          ],
          [
            73.8423844,
            18.5167148
          ],
          [
            73.8423366,
            18.5167064
          ],
          [
            73.8423179,
            18.5166932
          ],
          [
            73.8423097,
            18.5166755
          ],
          [
            73.8423074,
            18.5166533
          ],
          [
            73.8423027,
            18.5166278
          ],
          [
            73.8422852,
            18.5165935
          ],
          [
            73.8422654,
            18.5165725
          ],
          [
            73.8422315,
            18.516557
          ],
          [
            73.8421743,
            18.5165326
          ],
          [
            73.8420704,
            18.5165028
          ],
          [
            73.8419758,
            18.5164574
          ],
          [
            73.8419367,
            18.5164285
          ],
          [
            73.8419128,
            18.5164109
          ],
          [
            73.8418664,
            18.5163955
          ]
        ]
      },
      "id": "way/1117971182"
    },
    {
      "type": "Feature",
      "properties": {
        "@id": "way/1117972078",
        "highway": "residential"
      },
      "geometry": {
        "type": "LineString",
        "coordinates": [
          [
            73.8408584,
            18.5161344
          ],
          [
            73.8409033,
            18.5158361
          ]
        ]
      },
      "id": "way/1117972078"
    },
    {
      "type": "Feature",
      "properties": {
        "@id": "way/1117972079",
        "highway": "residential",
        "name": "Aravind Ranade Path",
        "name:mr": "अरविंद रानडे पथ",
        "oneway": "yes"
      },
      "geometry": {
        "type": "LineString",
        "coordinates": [
          [
            73.8408584,
            18.5161344
          ],
          [
            73.8399342,
            18.5162558
          ]
        ]
      },
      "id": "way/1117972079"
    },
    {
      "type": "Feature",
      "properties": {
        "@id": "way/1117972080",
        "highway": "residential"
      },
      "geometry": {
        "type": "LineString",
        "coordinates": [
          [
            73.8408584,
            18.5161344
          ],
          [
            73.8408012,
            18.5164596
          ]
        ]
      },
      "id": "way/1117972080"
    },
    {
      "type": "Feature",
      "properties": {
        "@id": "way/1117972081",
        "access": "private",
        "highway": "service"
      },
      "geometry": {
        "type": "LineString",
        "coordinates": [
          [
            73.8429203,
            18.5173015
          ],
          [
            73.8429415,
            18.5173466
          ],
          [
            73.8429479,
            18.5173602
          ],
          [
            73.8430532,
            18.5175842
          ]
        ]
      },
      "id": "way/1117972081"
    },
    {
      "type": "Feature",
      "properties": {
        "@id": "way/1117972082",
        "access": "private",
        "highway": "service"
      },
      "geometry": {
        "type": "LineString",
        "coordinates": [
          [
            73.8425696,
            18.5178189
          ],
          [
            73.8425033,
            18.5178445
          ],
          [
            73.8423184,
            18.5179158
          ]
        ]
      },
      "id": "way/1117972082"
    },
    {
      "type": "Feature",
      "properties": {
        "@id": "way/1117972083",
        "access": "private",
        "highway": "service"
      },
      "geometry": {
        "type": "LineString",
        "coordinates": [
          [
            73.8427003,
            18.5181364
          ],
          [
            73.8427554,
            18.5181134
          ],
          [
            73.8429873,
            18.5180165
          ]
        ]
      },
      "id": "way/1117972083"
    },
    {
      "type": "Feature",
      "properties": {
        "@id": "way/1117972084",
        "access": "private",
        "highway": "service"
      },
      "geometry": {
        "type": "LineString",
        "coordinates": [
          [
            73.8427003,
            18.5181364
          ],
          [
            73.8426711,
            18.5181467
          ],
          [
            73.8424497,
            18.5182248
          ]
        ]
      },
      "id": "way/1117972084"
    },
    {
      "type": "Feature",
      "properties": {
        "@id": "way/1117972086",
        "access": "private",
        "highway": "service"
      },
      "geometry": {
        "type": "LineString",
        "coordinates": [
          [
            73.842814,
            18.5184017
          ],
          [
            73.8428946,
            18.5183569
          ],
          [
            73.8432239,
            18.5181738
          ]
        ]
      },
      "id": "way/1117972086"
    },
    {
      "type": "Feature",
      "properties": {
        "@id": "way/1117982235",
        "highway": "service"
      },
      "geometry": {
        "type": "LineString",
        "coordinates": [
          [
            73.8382879,
            18.5179967
          ],
          [
            73.8382703,
            18.5177384
          ]
        ]
      },
      "id": "way/1117982235"
    },
    {
      "type": "Feature",
      "properties": {
        "@id": "way/1117982236",
        "access": "private",
        "highway": "service"
      },
      "geometry": {
        "type": "LineString",
        "coordinates": [
          [
            73.8387512,
            18.5179497
          ],
          [
            73.8387583,
            18.5179941
          ],
          [
            73.83881,
            18.5183167
          ]
        ]
      },
      "id": "way/1117982236"
    },
    {
      "type": "Feature",
      "properties": {
        "@id": "way/1117982237",
        "access": "private",
        "highway": "service"
      },
      "geometry": {
        "type": "LineString",
        "coordinates": [
          [
            73.8390165,
            18.5179228
          ],
          [
            73.8390106,
            18.5178738
          ]
        ]
      },
      "id": "way/1117982237"
    },
    {
      "type": "Feature",
      "properties": {
        "@id": "way/1117982238",
        "access": "private",
        "highway": "service"
      },
      "geometry": {
        "type": "LineString",
        "coordinates": [
          [
            73.8400651,
            18.5172803
          ],
          [
            73.8399894,
            18.5172949
          ],
          [
            73.8398793,
            18.5173161
          ],
          [
            73.8397739,
            18.517429
          ]
        ]
      },
      "id": "way/1117982238"
    },
    {
      "type": "Feature",
      "properties": {
        "@id": "way/1117982239",
        "access": "private",
        "highway": "service"
      },
      "geometry": {
        "type": "LineString",
        "coordinates": [
          [
            73.8396603,
            18.5178267
          ],
          [
            73.8396564,
            18.5177983
          ],
          [
            73.8396522,
            18.5177467
          ],
          [
            73.839934,
            18.5177075
          ],
          [
            73.8399048,
            18.5174274
          ]
        ]
      },
      "id": "way/1117982239"
    },
    {
      "type": "Feature",
      "properties": {
        "@id": "way/1117982240",
        "highway": "residential"
      },
      "geometry": {
        "type": "LineString",
        "coordinates": [
          [
            73.8379605,
            18.5162791
          ],
          [
            73.8380762,
            18.5168688
          ]
        ]
      },
      "id": "way/1117982240"
    },
    {
      "type": "Feature",
      "properties": {
        "@id": "way/1117982241",
        "access": "private",
        "highway": "service"
      },
      "geometry": {
        "type": "LineString",
        "coordinates": [
          [
            73.8402338,
            18.5177409
          ],
          [
            73.8402558,
            18.517835
          ],
          [
            73.8402846,
            18.5179584
          ]
        ]
      },
      "id": "way/1117982241"
    },
    {
      "type": "Feature",
      "properties": {
        "@id": "way/1117982242",
        "highway": "service"
      },
      "geometry": {
        "type": "LineString",
        "coordinates": [
          [
            73.8412161,
            18.5176027
          ],
          [
            73.8412282,
            18.5176796
          ],
          [
            73.841267,
            18.5179253
          ]
        ]
      },
      "id": "way/1117982242"
    },
    {
      "type": "Feature",
      "properties": {
        "@id": "way/1117982243",
        "access": "private",
        "highway": "service"
      },
      "geometry": {
        "type": "LineString",
        "coordinates": [
          [
            73.8411006,
            18.5176177
          ],
          [
            73.8410967,
            18.5175887
          ],
          [
            73.8410933,
            18.5175632
          ],
          [
            73.8410759,
            18.517432
          ]
        ]
      },
      "id": "way/1117982243"
    },
    {
      "type": "Feature",
      "properties": {
        "@id": "way/1117982244",
        "access": "private",
        "highway": "service"
      },
      "geometry": {
        "type": "LineString",
        "coordinates": [
          [
            73.8407659,
            18.5176612
          ],
          [
            73.8407609,
            18.5176234
          ],
          [
            73.8407344,
            18.5174219
          ],
          [
            73.8409467,
            18.5173934
          ]
        ]
      },
      "id": "way/1117982244"
    },
    {
      "type": "Feature",
      "properties": {
        "@id": "way/1117982245",
        "access": "private",
        "highway": "service"
      },
      "geometry": {
        "type": "LineString",
        "coordinates": [
          [
            73.8415123,
            18.5180232
          ],
          [
            73.8416072,
            18.5179963
          ],
          [
            73.8416508,
            18.517984
          ],
          [
            73.8418866,
            18.5179173
          ]
        ]
      },
      "id": "way/1117982245"
    },
    {
      "type": "Feature",
      "properties": {
        "@id": "way/1117982246",
        "highway": "service"
      },
      "geometry": {
        "type": "LineString",
        "coordinates": [
          [
            73.8394647,
            18.5160205
          ],
          [
            73.8394992,
            18.5161973
          ]
        ]
      },
      "id": "way/1117982246"
    },
    {
      "type": "Feature",
      "properties": {
        "@id": "way/1118510411",
        "access": "private",
        "highway": "service"
      },
      "geometry": {
        "type": "LineString",
        "coordinates": [
          [
            73.8458871,
            18.5161458
          ],
          [
            73.8458204,
            18.5161167
          ],
          [
            73.8456702,
            18.5157929
          ],
          [
            73.8452285,
            18.5152435
          ]
        ]
      },
      "id": "way/1118510411"
    },
    {
      "type": "Feature",
      "properties": {
        "@id": "way/1118510412",
        "highway": "service"
      },
      "geometry": {
        "type": "LineString",
        "coordinates": [
          [
            73.8378501,
            18.5111802
          ],
          [
            73.8379072,
            18.511261
          ],
          [
            73.8380518,
            18.5113119
          ]
        ]
      },
      "id": "way/1118510412"
    },
    {
      "type": "Feature",
      "properties": {
        "@id": "way/1118547024",
        "highway": "service"
      },
      "geometry": {
        "type": "LineString",
        "coordinates": [
          [
            73.8384753,
            18.5121315
          ],
          [
            73.8383789,
            18.5118982
          ],
          [
            73.8383647,
            18.5116778
          ],
          [
            73.8384552,
            18.5114502
          ],
          [
            73.8385579,
            18.5113349
          ],
          [
            73.8387867,
            18.5112578
          ],
          [
            73.839035,
            18.5111878
          ],
          [
            73.8392615,
            18.5112438
          ],
          [
            73.8393936,
            18.5113266
          ],
          [
            73.8395552,
            18.5115011
          ],
          [
            73.8396681,
            18.5117004
          ],
          [
            73.8396739,
            18.5119635
          ],
          [
            73.8396033,
            18.5121709
          ],
          [
            73.8394929,
            18.5123665
          ],
          [
            73.8393448,
            18.5125958
          ]
        ]
      },
      "id": "way/1118547024"
    },
    {
      "type": "Feature",
      "properties": {
        "@id": "way/1118580570",
        "highway": "service"
      },
      "geometry": {
        "type": "LineString",
        "coordinates": [
          [
            73.8389841,
            18.5125175
          ],
          [
            73.8388181,
            18.5128355
          ]
        ]
      },
      "id": "way/1118580570"
    },
    {
      "type": "Feature",
      "properties": {
        "@id": "way/1118580575",
        "access": "private",
        "highway": "service"
      },
      "geometry": {
        "type": "LineString",
        "coordinates": [
          [
            73.8447393,
            18.5112019
          ],
          [
            73.8447072,
            18.5111378
          ],
          [
            73.8446996,
            18.5110672
          ],
          [
            73.844716,
            18.5110013
          ],
          [
            73.8447536,
            18.5109438
          ],
          [
            73.8448087,
            18.5109007
          ],
          [
            73.8448753,
            18.5108765
          ],
          [
            73.8449466,
            18.5108737
          ],
          [
            73.8450152,
            18.5108927
          ],
          [
            73.8450737,
            18.5109314
          ],
          [
            73.8451162,
            18.5109858
          ],
          [
            73.8451381,
            18.5110502
          ],
          [
            73.8451372,
            18.5111179
          ],
          [
            73.8451136,
            18.5111818
          ],
          [
            73.8450697,
            18.5112352
          ],
          [
            73.8450069,
            18.5112738
          ],
          [
            73.8449341,
            18.5112904
          ],
          [
            73.8448597,
            18.5112829
          ],
          [
            73.8447921,
            18.5112522
          ],
          [
            73.8447393,
            18.5112019
          ]
        ]
      },
      "id": "way/1118580575"
    },
    {
      "type": "Feature",
      "properties": {
        "@id": "way/1118580576",
        "access": "private",
        "highway": "service"
      },
      "geometry": {
        "type": "LineString",
        "coordinates": [
          [
            73.8446996,
            18.5110672
          ],
          [
            73.8446106,
            18.5111461
          ],
          [
            73.8444323,
            18.511192
          ],
          [
            73.8442429,
            18.511167
          ],
          [
            73.8440844,
            18.5111377
          ],
          [
            73.8439457,
            18.5109937
          ],
          [
            73.8437586,
            18.511096
          ],
          [
            73.8436485,
            18.5111523
          ],
          [
            73.8436138,
            18.5111884
          ]
        ]
      },
      "id": "way/1118580576"
    },
    {
      "type": "Feature",
      "properties": {
        "@id": "way/1118580577",
        "access": "private",
        "highway": "service"
      },
      "geometry": {
        "type": "LineString",
        "coordinates": [
          [
            73.8451068,
            18.5114324
          ],
          [
            73.8450984,
            18.5113949
          ],
          [
            73.8450697,
            18.5112352
          ]
        ]
      },
      "id": "way/1118580577"
    },
    {
      "type": "Feature",
      "properties": {
        "@id": "way/1118580618",
        "highway": "service"
      },
      "geometry": {
        "type": "LineString",
        "coordinates": [
          [
            73.843507,
            18.5118422
          ],
          [
            73.843425,
            18.5118821
          ],
          [
            73.843033,
            18.5120725
          ]
        ]
      },
      "id": "way/1118580618"
    },
    {
      "type": "Feature",
      "properties": {
        "@id": "way/1118580619",
        "highway": "service"
      },
      "geometry": {
        "type": "LineString",
        "coordinates": [
          [
            73.8435971,
            18.5119608
          ],
          [
            73.8435348,
            18.5119909
          ],
          [
            73.8430979,
            18.5122022
          ]
        ]
      },
      "id": "way/1118580619"
    },
    {
      "type": "Feature",
      "properties": {
        "@id": "way/1118581203",
        "highway": "service"
      },
      "geometry": {
        "type": "LineString",
        "coordinates": [
          [
            73.8443998,
            18.5117648
          ],
          [
            73.8444169,
            18.5118007
          ],
          [
            73.8445217,
            18.5120212
          ]
        ]
      },
      "id": "way/1118581203"
    },
    {
      "type": "Feature",
      "properties": {
        "@id": "way/1118581205",
        "highway": "service"
      },
      "geometry": {
        "type": "LineString",
        "coordinates": [
          [
            73.8375653,
            18.5102468
          ],
          [
            73.837394,
            18.5103867
          ],
          [
            73.837197,
            18.5104348
          ],
          [
            73.8370201,
            18.510512
          ]
        ]
      },
      "id": "way/1118581205"
    },
    {
      "type": "Feature",
      "properties": {
        "@id": "way/1118581206",
        "highway": "track"
      },
      "geometry": {
        "type": "LineString",
        "coordinates": [
          [
            73.8423599,
            18.5138048
          ],
          [
            73.8425412,
            18.5135429
          ]
        ]
      },
      "id": "way/1118581206"
    },
    {
      "type": "Feature",
      "properties": {
        "@id": "way/1118581207",
        "highway": "service"
      },
      "geometry": {
        "type": "LineString",
        "coordinates": [
          [
            73.8409033,
            18.5158361
          ],
          [
            73.8407933,
            18.5157334
          ],
          [
            73.8405331,
            18.5156049
          ],
          [
            73.8403949,
            18.5154429
          ],
          [
            73.8403272,
            18.5151988
          ],
          [
            73.8403583,
            18.5150338
          ],
          [
            73.8403996,
            18.5148161
          ],
          [
            73.8404685,
            18.5146194
          ],
          [
            73.8405811,
            18.5144905
          ],
          [
            73.8406929,
            18.5143404
          ]
        ]
      },
      "id": "way/1118581207"
    },
    {
      "type": "Feature",
      "properties": {
        "@id": "way/1118581575",
        "access": "private",
        "highway": "service"
      },
      "geometry": {
        "type": "LineString",
        "coordinates": [
          [
            73.8448889,
            18.5126818
          ],
          [
            73.8448213,
            18.5126755
          ],
          [
            73.8441883,
            18.5126169
          ]
        ]
      },
      "id": "way/1118581575"
    },
    {
      "type": "Feature",
      "properties": {
        "@id": "way/1118581576",
        "highway": "service"
      },
      "geometry": {
        "type": "LineString",
        "coordinates": [
          [
            73.8374999,
            18.5114257
          ],
          [
            73.8374623,
            18.5113883
          ],
          [
            73.8373807,
            18.511307
          ]
        ]
      },
      "id": "way/1118581576"
    },
    {
      "type": "Feature",
      "properties": {
        "@id": "way/1118581655",
        "highway": "service"
      },
      "geometry": {
        "type": "LineString",
        "coordinates": [
          [
            73.843243,
            18.5115061
          ],
          [
            73.8431634,
            18.5115454
          ],
          [
            73.8428183,
            18.5117159
          ]
        ]
      },
      "id": "way/1118581655"
    },
    {
      "type": "Feature",
      "properties": {
        "@id": "way/1118581656",
        "access": "private",
        "highway": "service"
      },
      "geometry": {
        "type": "LineString",
        "coordinates": [
          [
            73.8437795,
            18.5123575
          ],
          [
            73.8436977,
            18.5123638
          ],
          [
            73.8436819,
            18.512365
          ],
          [
            73.8434984,
            18.5123827
          ],
          [
            73.8432173,
            18.5124078
          ]
        ]
      },
      "id": "way/1118581656"
    },
    {
      "type": "Feature",
      "properties": {
        "@id": "way/1118582143",
        "access": "private",
        "highway": "service"
      },
      "geometry": {
        "type": "LineString",
        "coordinates": [
          [
            73.8376175,
            18.5120238
          ],
          [
            73.8375146,
            18.5122086
          ]
        ]
      },
      "id": "way/1118582143"
    },
    {
      "type": "Feature",
      "properties": {
        "@id": "way/1118582146",
        "highway": "service"
      },
      "geometry": {
        "type": "LineString",
        "coordinates": [
          [
            73.8432695,
            18.5109104
          ],
          [
            73.843322,
            18.5109119
          ],
          [
            73.8435322,
            18.5109177
          ]
        ]
      },
      "id": "way/1118582146"
    },
    {
      "type": "Feature",
      "properties": {
        "@id": "way/1118582147",
        "highway": "service"
      },
      "geometry": {
        "type": "LineString",
        "coordinates": [
          [
            73.8432957,
            18.5105583
          ],
          [
            73.8435513,
            18.5106109
          ]
        ]
      },
      "id": "way/1118582147"
    },
    {
      "type": "Feature",
      "properties": {
        "@id": "way/1118582148",
        "highway": "service"
      },
      "geometry": {
        "type": "LineString",
        "coordinates": [
          [
            73.8402424,
            18.5129587
          ],
          [
            73.8402717,
            18.5128948
          ],
          [
            73.8403264,
            18.5127757
          ],
          [
            73.8403746,
            18.5126621
          ],
          [
            73.8403174,
            18.5125027
          ]
        ]
      },
      "id": "way/1118582148"
    },
    {
      "type": "Feature",
      "properties": {
        "@id": "way/1118582866",
        "access": "private",
        "highway": "service"
      },
      "geometry": {
        "type": "LineString",
        "coordinates": [
          [
            73.8395503,
            18.5127781
          ],
          [
            73.8395003,
            18.5128902
          ],
          [
            73.8394503,
            18.5130022
          ],
          [
            73.8394501,
            18.513004
          ],
          [
            73.8394509,
            18.5130057
          ],
          [
            73.8394527,
            18.5130073
          ],
          [
            73.8396422,
            18.5130915
          ]
        ]
      },
      "id": "way/1118582866"
    },
    {
      "type": "Feature",
      "properties": {
        "@id": "way/1118585549",
        "highway": "service"
      },
      "geometry": {
        "type": "LineString",
        "coordinates": [
          [
            73.8395117,
            18.5126677
          ],
          [
            73.8399686,
            18.5121128
          ]
        ]
      },
      "id": "way/1118585549"
    },
    {
      "type": "Feature",
      "properties": {
        "@id": "way/1118585550",
        "highway": "service"
      },
      "geometry": {
        "type": "LineString",
        "coordinates": [
          [
            73.8397044,
            18.5127507
          ],
          [
            73.8398801,
            18.512539
          ]
        ]
      },
      "id": "way/1118585550"
    },
    {
      "type": "Feature",
      "properties": {
        "@id": "way/1118585824",
        "highway": "residential"
      },
      "geometry": {
        "type": "LineString",
        "coordinates": [
          [
            73.8386418,
            18.5161518
          ],
          [
            73.8385808,
            18.5157467
          ]
        ]
      },
      "id": "way/1118585824"
    },
    {
      "type": "Feature",
      "properties": {
        "@id": "way/1118585825",
        "highway": "residential"
      },
      "geometry": {
        "type": "LineString",
        "coordinates": [
          [
            73.8388105,
            18.5161211
          ],
          [
            73.8387512,
            18.5157148
          ]
        ]
      },
      "id": "way/1118585825"
    },
    {
      "type": "Feature",
      "properties": {
        "@id": "way/1118586427",
        "highway": "service"
      },
      "geometry": {
        "type": "LineString",
        "coordinates": [
          [
            73.8406333,
            18.5142164
          ],
          [
            73.8412468,
            18.514087
          ]
        ]
      },
      "id": "way/1118586427"
    },
    {
      "type": "Feature",
      "properties": {
        "@id": "way/1118587477",
        "highway": "service"
      },
      "geometry": {
        "type": "LineString",
        "coordinates": [
          [
            73.8463906,
            18.5156485
          ],
          [
            73.8464748,
            18.5155035
          ],
          [
            73.8464995,
            18.5153077
          ],
          [
            73.8465128,
            18.5151919
          ]
        ]
      },
      "id": "way/1118587477"
    },
    {
      "type": "Feature",
      "properties": {
        "@id": "way/1118587483",
        "highway": "service"
      },
      "geometry": {
        "type": "LineString",
        "coordinates": [
          [
            73.8385008,
            18.5141501
          ],
          [
            73.8384635,
            18.5138185
          ]
        ]
      },
      "id": "way/1118587483"
    },
    {
      "type": "Feature",
      "properties": {
        "@id": "way/1118587484",
        "highway": "service"
      },
      "geometry": {
        "type": "LineString",
        "coordinates": [
          [
            73.8386575,
            18.5141621
          ],
          [
            73.8386161,
            18.5138045
          ]
        ]
      },
      "id": "way/1118587484"
    },
    {
      "type": "Feature",
      "properties": {
        "@id": "way/1118589213",
        "highway": "residential"
      },
      "geometry": {
        "type": "LineString",
        "coordinates": [
          [
            73.8394209,
            18.5141123
          ],
          [
            73.8393913,
            18.5138618
          ]
        ]
      },
      "id": "way/1118589213"
    },
    {
      "type": "Feature",
      "properties": {
        "@id": "way/1118589214",
        "highway": "residential"
      },
      "geometry": {
        "type": "LineString",
        "coordinates": [
          [
            73.8394209,
            18.5141123
          ],
          [
            73.8394521,
            18.5144358
          ]
        ]
      },
      "id": "way/1118589214"
    },
    {
      "type": "Feature",
      "properties": {
        "@id": "way/1118589215",
        "highway": "service"
      },
      "geometry": {
        "type": "LineString",
        "coordinates": [
          [
            73.8383718,
            18.5141261
          ],
          [
            73.8383257,
            18.5138907
          ]
        ]
      },
      "id": "way/1118589215"
    },
    {
      "type": "Feature",
      "properties": {
        "@id": "way/1118589218",
        "highway": "residential"
      },
      "geometry": {
        "type": "LineString",
        "coordinates": [
          [
            73.8440763,
            18.5113254
          ],
          [
            73.8443077,
            18.5117291
          ],
          [
            73.8443421,
            18.5117891
          ]
        ]
      },
      "id": "way/1118589218"
    },
    {
      "type": "Feature",
      "properties": {
        "@id": "way/1118589219",
        "highway": "service"
      },
      "geometry": {
        "type": "LineString",
        "coordinates": [
          [
            73.8384649,
            18.512264
          ],
          [
            73.838236,
            18.5127188
          ]
        ]
      },
      "id": "way/1118589219"
    },
    {
      "type": "Feature",
      "properties": {
        "@id": "way/1147910707",
        "highway": "primary",
        "lanes": "2",
        "maxspeed": "65",
        "name": "Karve Road",
        "name:etymology:wikidata": "Q3518496",
        "name:mr": "कर्वे रस्ता",
        "oneway": "yes",
        "ref": "SH60"
      },
      "geometry": {
        "type": "LineString",
        "coordinates": [
          [
            73.8374298,
            18.5116572
          ],
          [
            73.8374197,
            18.5116522
          ],
          [
            73.8373048,
            18.5115953
          ]
        ]
      },
      "id": "way/1147910707"
    },
    {
      "type": "Feature",
      "properties": {
        "@id": "way/1147910709",
        "highway": "secondary"
      },
      "geometry": {
        "type": "LineString",
        "coordinates": [
          [
            73.8374999,
            18.5114257
          ],
          [
            73.8373905,
            18.5115203
          ]
        ]
      },
      "id": "way/1147910709"
    },
    {
      "type": "Feature",
      "properties": {
        "@id": "way/1151930757",
        "alt_name": "JM Road",
        "highway": "primary",
        "lanes": "3",
        "lit": "yes",
        "name": "Jangli Maharaj Path",
        "name:etymology:wikidata": "Q6153993",
        "name:mr": "जंगली महाराज पथ",
        "oneway": "yes",
        "ref": "SH60",
        "surface": "asphalt"
      },
      "geometry": {
        "type": "LineString",
        "coordinates": [
          [
            73.842416,
            18.5145937
          ],
          [
            73.842441,
            18.5145156
          ]
        ]
      },
      "id": "way/1151930757"
    },
    {
      "type": "Feature",
      "properties": {
        "@id": "way/1152858271",
        "highway": "track"
      },
      "geometry": {
        "type": "LineString",
        "coordinates": [
          [
            73.8448452,
            18.5151792
          ],
          [
            73.8444113,
            18.5145844
          ],
          [
            73.843692,
            18.5135977
          ],
          [
            73.8429763,
            18.5128748
          ],
          [
            73.8417798,
            18.5117471
          ],
          [
            73.8415939,
            18.5115103
          ],
          [
            73.8402627,
            18.5096062
          ],
          [
            73.8402246,
            18.5094954
          ],
          [
            73.8400665,
            18.5093538
          ],
          [
            73.8399304,
            18.5092294
          ],
          [
            73.8397723,
            18.5090873
          ],
          [
            73.8397346,
            18.5090018
          ],
          [
            73.8396452,
            18.508891
          ],
          [
            73.8395003,
            18.5087416
          ],
          [
            73.8393801,
            18.5086323
          ],
          [
            73.8391681,
            18.5084106
          ],
          [
            73.8390272,
            18.508211
          ]
        ]
      },
      "id": "way/1152858271"
    },
    {
      "type": "Feature",
      "properties": {
        "@id": "way/1157870053",
        "alt_name": "Shastri Road",
        "alt_name:mr": "शास्त्री रस्ता",
        "highway": "primary",
        "lanes": "2",
        "name": "Lalbahadur Shashtri Marg",
        "name:etymology:wikidata": "Q244689",
        "name:mr": "लालबहादूर शास्त्री मार्ग",
        "oneway": "yes"
      },
      "geometry": {
        "type": "LineString",
        "coordinates": [
          [
            73.843528,
            18.5095426
          ],
          [
            73.8434891,
            18.5096487
          ],
          [
            73.8434251,
            18.509823
          ],
          [
            73.8433247,
            18.5100893
          ],
          [
            73.8432445,
            18.5103392
          ],
          [
            73.843192,
            18.5105559
          ],
          [
            73.8431679,
            18.5107888
          ],
          [
            73.8431653,
            18.5108856
          ]
        ]
      },
      "id": "way/1157870053"
    },
    {
      "type": "Feature",
      "properties": {
        "@id": "way/1160395242",
        "alt_name": "Shastri Road",
        "alt_name:mr": "शास्त्री रस्ता",
        "highway": "primary",
        "lanes": "2",
        "name": "Lalbahadur Shashtri Marg",
        "name:etymology:wikidata": "Q244689",
        "name:mr": "लालबहादूर शास्त्री मार्ग",
        "oneway": "yes"
      },
      "geometry": {
        "type": "LineString",
        "coordinates": [
          [
            73.8431556,
            18.5112421
          ],
          [
            73.8431714,
            18.51133
          ],
          [
            73.843178,
            18.5113666
          ],
          [
            73.8432189,
            18.5114612
          ],
          [
            73.843243,
            18.5115061
          ]
        ]
      },
      "id": "way/1160395242"
    },
    {
      "type": "Feature",
      "properties": {
        "@id": "way/1160395243",
        "highway": "tertiary",
        "name": "Shivram Mhatre Path",
        "name:mr": "शिवराम म्हात्रे पथ"
      },
      "geometry": {
        "type": "LineString",
        "coordinates": [
          [
            73.8432571,
            18.5112473
          ],
          [
            73.8431556,
            18.5112421
          ]
        ]
      },
      "id": "way/1160395243"
    },
    {
      "type": "Feature",
      "properties": {
        "@id": "way/1160395244",
        "alt_name": "Shastri Road",
        "alt_name:mr": "शास्त्री रस्ता",
        "highway": "primary",
        "lanes": "2",
        "name": "Lalbahadur Shashtri Marg",
        "name:etymology:wikidata": "Q244689",
        "name:mr": "लालबहादूर शास्त्री मार्ग",
        "oneway": "yes"
      },
      "geometry": {
        "type": "LineString",
        "coordinates": [
          [
            73.8431653,
            18.5108856
          ],
          [
            73.8431581,
            18.51115
          ],
          [
            73.8431556,
            18.5112421
          ]
        ]
      },
      "id": "way/1160395244"
    },
    {
      "type": "Feature",
      "properties": {
        "@id": "way/1160395245",
        "alt_name": "Shastri Road",
        "alt_name:mr": "शास्त्री रस्ता",
        "highway": "primary",
        "lanes": "2",
        "name": "Lalbahadur Shashtri Marg",
        "name:etymology:wikidata": "Q244689",
        "name:mr": "लालबहादूर शास्त्री मार्ग",
        "oneway": "yes"
      },
      "geometry": {
        "type": "LineString",
        "coordinates": [
          [
            73.8432571,
            18.5112473
          ],
          [
            73.8432605,
            18.5111542
          ],
          [
            73.8432695,
            18.5109104
          ]
        ]
      },
      "id": "way/1160395245"
    },
    {
      "type": "Feature",
      "properties": {
        "@id": "way/1160395246",
        "alt_name": "Shastri Road",
        "alt_name:mr": "शास्त्री रस्ता",
        "highway": "primary",
        "lanes": "2",
        "name": "Lalbahadur Shashtri Marg",
        "name:etymology:wikidata": "Q244689",
        "name:mr": "लालबहादूर शास्त्री मार्ग",
        "oneway": "yes"
      },
      "geometry": {
        "type": "LineString",
        "coordinates": [
          [
            73.8432695,
            18.5109104
          ],
          [
            73.8432753,
            18.510751
          ],
          [
            73.8432957,
            18.5105583
          ],
          [
            73.8432983,
            18.5105341
          ],
          [
            73.8433351,
            18.5103518
          ],
          [
            73.8434046,
            18.5101426
          ],
          [
            73.8434954,
            18.5098794
          ],
          [
            73.8435606,
            18.5096778
          ],
          [
            73.8435685,
            18.5096577
          ],
          [
            73.8436096,
            18.5095523
          ]
        ]
      },
      "id": "way/1160395246"
    },
    {
      "type": "Feature",
      "properties": {
        "@id": "way/1160395247",
        "alt_name": "Shastri Road",
        "alt_name:mr": "शास्त्री रस्ता",
        "highway": "primary",
        "lanes": "2",
        "name": "Lalbahadur Shashtri Marg",
        "name:etymology:wikidata": "Q244689",
        "name:mr": "लालबहादूर शास्त्री मार्ग",
        "oneway": "yes"
      },
      "geometry": {
        "type": "LineString",
        "coordinates": [
          [
            73.843243,
            18.5115061
          ],
          [
            73.8432708,
            18.5115578
          ],
          [
            73.8433629,
            18.5116782
          ],
          [
            73.843507,
            18.5118422
          ],
          [
            73.8435971,
            18.5119608
          ],
          [
            73.8436826,
            18.5121101
          ],
          [
            73.8437186,
            18.5121822
          ],
          [
            73.8437222,
            18.5121897
          ],
          [
            73.843735,
            18.5122168
          ],
          [
            73.8437641,
            18.512278
          ],
          [
            73.8437795,
            18.5123575
          ],
          [
            73.8437796,
            18.5123852
          ],
          [
            73.8437801,
            18.5124867
          ],
          [
            73.8437797,
            18.5126016
          ],
          [
            73.8437729,
            18.5126329
          ],
          [
            73.8437669,
            18.5126604
          ],
          [
            73.8437398,
            18.5127202
          ]
        ]
      },
      "id": "way/1160395247"
    },
    {
      "type": "Feature",
      "properties": {
        "@id": "way/1160407187",
        "highway": "tertiary",
        "name": "Bhandarkar Path",
        "name:etymology:wikidata": "Q2623927",
        "oneway": "yes"
      },
      "geometry": {
        "type": "LineString",
        "coordinates": [
          [
            73.8416037,
            18.5174963
          ],
          [
            73.8415745,
            18.5175309
          ],
          [
            73.8415457,
            18.5175527
          ],
          [
            73.841496,
            18.5175812
          ]
        ]
      },
      "id": "way/1160407187"
    },
    {
      "type": "Feature",
      "properties": {
        "@id": "way/1160407188",
        "highway": "tertiary",
        "name": "Bhandarkar Path",
        "name:etymology:wikidata": "Q2623927",
        "name:mr": "भांडारकर पथ",
        "oneway": "yes"
      },
      "geometry": {
        "type": "LineString",
        "coordinates": [
          [
            73.841496,
            18.5175812
          ],
          [
            73.8415875,
            18.5175742
          ]
        ]
      },
      "id": "way/1160407188"
    },
    {
      "type": "Feature",
      "properties": {
        "@id": "way/1161236789",
        "highway": "tertiary",
        "name": "Jagannath Kaniram Kasat Path",
        "name:mr": "जगन्नाथ कनिराम कासट पथ"
      },
      "geometry": {
        "type": "LineString",
        "coordinates": [
          [
            73.8440607,
            18.5157084
          ],
          [
            73.8437704,
            18.5158693
          ]
        ]
      },
      "id": "way/1161236789"
    },
    {
      "type": "Feature",
      "properties": {
        "@id": "way/1161246301",
        "highway": "residential"
      },
      "geometry": {
        "type": "LineString",
        "coordinates": [
          [
            73.8443712,
            18.5175228
          ],
          [
            73.8443269,
            18.5174708
          ],
          [
            73.8441363,
            18.5171405
          ]
        ]
      },
      "id": "way/1161246301"
    },
    {
      "type": "Feature",
      "properties": {
        "@id": "way/1161246302",
        "highway": "tertiary"
      },
      "geometry": {
        "type": "LineString",
        "coordinates": [
          [
            73.8443712,
            18.5175228
          ],
          [
            73.8439968,
            18.5177441
          ],
          [
            73.8439365,
            18.5177797
          ]
        ]
      },
      "id": "way/1161246302"
    },
    {
      "type": "Feature",
      "properties": {
        "@id": "way/1161246303",
        "highway": "residential"
      },
      "geometry": {
        "type": "LineString",
        "coordinates": [
          [
            73.8447048,
            18.5174276
          ],
          [
            73.8448611,
            18.5173477
          ]
        ]
      },
      "id": "way/1161246303"
    },
    {
      "type": "Feature",
      "properties": {
        "@id": "way/1182164315",
        "highway": "service"
      },
      "geometry": {
        "type": "LineString",
        "coordinates": [
          [
            73.8410231,
            18.5176278
          ],
          [
            73.8410416,
            18.5177145
          ],
          [
            73.8410977,
            18.5179775
          ],
          [
            73.8410955,
            18.5180681
          ]
        ]
      },
      "id": "way/1182164315"
    },
    {
      "type": "Feature",
      "properties": {
        "@id": "way/1185666503",
        "access": "private",
        "highway": "service"
      },
      "geometry": {
        "type": "LineString",
        "coordinates": [
          [
            73.8458871,
            18.5161458
          ],
          [
            73.8460687,
            18.5160506
          ],
          [
            73.8461305,
            18.5160182
          ]
        ]
      },
      "id": "way/1185666503"
    },
    {
      "type": "Feature",
      "properties": {
        "@id": "way/1185672429",
        "access": "private",
        "highway": "service"
      },
      "geometry": {
        "type": "LineString",
        "coordinates": [
          [
            73.8432412,
            18.5158962
          ],
          [
            73.8435834,
            18.5157387
          ],
          [
            73.8436136,
            18.5157227
          ],
          [
            73.8436596,
            18.5156983
          ]
        ]
      },
      "id": "way/1185672429"
    },
    {
      "type": "Feature",
      "properties": {
        "@id": "way/1187562266",
        "alt_name": "Tilak Road",
        "alt_name:mr": "टिळक रस्ता",
        "highway": "secondary",
        "lanes": "2",
        "name": "Lokmanya Tilak Marg",
        "name:en": "Lokmanya Tilak Road",
        "name:etymology:wikidata": "Q312555",
        "name:mr": "लोकमान्य टिळक मार्ग",
        "oneway": "no",
        "surface": "asphalt"
      },
      "geometry": {
        "type": "LineString",
        "coordinates": [
          [
            73.8450707,
            18.5114645
          ],
          [
            73.8449961,
            18.5115105
          ],
          [
            73.8449108,
            18.511549
          ],
          [
            73.8443998,
            18.5117648
          ],
          [
            73.8443421,
            18.5117891
          ],
          [
            73.8442696,
            18.5118247
          ],
          [
            73.844174,
            18.5118844
          ],
          [
            73.8440936,
            18.5119463
          ],
          [
            73.8440337,
            18.5120002
          ]
        ]
      },
      "id": "way/1187562266"
    },
    {
      "type": "Feature",
      "properties": {
        "@id": "way/1205114971",
        "highway": "service"
      },
      "geometry": {
        "type": "LineString",
        "coordinates": [
          [
            73.8376948,
            18.5118848
          ],
          [
            73.8376658,
            18.511937
          ],
          [
            73.8376175,
            18.5120238
          ]
        ]
      },
      "id": "way/1205114971"
    },
    {
      "type": "Feature",
      "properties": {
        "@id": "way/1212743722",
        "highway": "residential",
        "source": "maxar"
      },
      "geometry": {
        "type": "LineString",
        "coordinates": [
          [
            73.8453404,
            18.511509
          ],
          [
            73.8453074,
            18.5119958
          ],
          [
            73.8452794,
            18.5122104
          ]
        ]
      },
      "id": "way/1212743722"
    },
    {
      "type": "Feature",
      "properties": {
        "@id": "way/1213217675",
        "highway": "service",
        "source": "maxar"
      },
      "geometry": {
        "type": "LineString",
        "coordinates": [
          [
            73.8382358,
            18.5133429
          ],
          [
            73.8386448,
            18.513337
          ],
          [
            73.8390193,
            18.5132674
          ]
        ]
      },
      "id": "way/1213217675"
    },
    {
      "type": "Feature",
      "properties": {
        "@id": "way/1214244616",
        "highway": "residential",
        "source": "maxar"
      },
      "geometry": {
        "type": "LineString",
        "coordinates": [
          [
            73.8373094,
            18.5158579
          ],
          [
            73.8374744,
            18.5163831
          ]
        ]
      },
      "id": "way/1214244616"
    },
    {
      "type": "Feature",
      "properties": {
        "@id": "way/1234793258",
        "highway": "service"
      },
      "geometry": {
        "type": "LineString",
        "coordinates": [
          [
            73.843389,
            18.5171739
          ],
          [
            73.8434606,
            18.5171256
          ]
        ]
      },
      "id": "way/1234793258"
    },
    {
      "type": "Feature",
      "properties": {
        "@id": "way/1308739833",
        "auto_rickshaw": "no",
        "bicycle": "yes",
        "bridge": "yes",
        "foot": "yes",
        "goods": "no",
        "hgv": "no",
        "highway": "tertiary",
        "layer": "1",
        "motorcar": "no",
        "motorcycle": "yes",
        "name": "Chavan Bridge",
        "name:etymology:wikidata": "Q1764541",
        "name:mr": "यशवंतराव चव्हाण पूल",
        "oneway": "yes"
      },
      "geometry": {
        "type": "LineString",
        "coordinates": [
          [
            73.8408274,
            18.5127361
          ],
          [
            73.8409833,
            18.5125288
          ],
          [
            73.841667,
            18.5116945
          ],
          [
            73.8419863,
            18.5113215
          ]
        ]
      },
      "id": "way/1308739833"
    },
    {
      "type": "Feature",
      "properties": {
        "@id": "way/1308739834",
        "bicycle": "yes",
        "foot": "yes",
        "goods": "no",
        "hgv": "no",
        "highway": "tertiary",
        "motorcycle": "yes",
        "name": "Chavan Bridge",
        "name:etymology:wikidata": "Q1764541",
        "name:mr": "यशवंतराव चव्हाण पूल",
        "oneway": "yes"
      },
      "geometry": {
        "type": "LineString",
        "coordinates": [
          [
            73.8419863,
            18.5113215
          ],
          [
            73.8420168,
            18.5112563
          ]
        ]
      },
      "id": "way/1308739834"
    },
    {
      "type": "Feature",
      "properties": {
        "@id": "way/1308739835",
        "bicycle": "yes",
        "foot": "yes",
        "goods": "no",
        "hgv": "no",
        "highway": "tertiary",
        "lane_markings": "no",
        "motorcar": "no",
        "motorcycle": "yes",
        "name": "Yashwantrao Chavan Bridge",
        "name:etymology:wikidata": "Q1764541",
        "name:mr": "यशवंतराव चव्हाण पूल",
        "oneway": "yes",
        "surface": "asphalt"
      },
      "geometry": {
        "type": "LineString",
        "coordinates": [
          [
            73.8406095,
            18.513099
          ],
          [
            73.8406438,
            18.5130323
          ],
          [
            73.8407523,
            18.5128553
          ],
          [
            73.8408274,
            18.5127361
          ]
        ]
      },
      "id": "way/1308739835"
    },
    {
      "type": "Feature",
      "properties": {
        "@id": "way/1308739836",
        "highway": "primary",
        "lanes": "3",
        "name": "Karve Road",
        "name:etymology:wikidata": "Q3518496",
        "name:mr": "कर्वे रस्ता",
        "oneway": "yes",
        "ref": "SH60"
      },
      "geometry": {
        "type": "LineString",
        "coordinates": [
          [
            73.8406095,
            18.513099
          ],
          [
            73.8405641,
            18.5130809
          ]
        ]
      },
      "id": "way/1308739836"
    },
    {
      "type": "Feature",
      "properties": {
        "@id": "way/1308739837",
        "highway": "tertiary",
        "lane_markings": "no",
        "oneway": "yes",
        "surface": "asphalt"
      },
      "geometry": {
        "type": "LineString",
        "coordinates": [
          [
            73.8405749,
            18.5131772
          ],
          [
            73.8406095,
            18.513099
          ]
        ]
      },
      "id": "way/1308739837"
    },
    {
      "type": "Feature",
      "properties": {
        "@id": "way/1372356980",
        "highway": "residential",
        "oneway": "yes"
      },
      "geometry": {
        "type": "LineString",
        "coordinates": [
          [
            73.8441363,
            18.5171405
          ],
          [
            73.844055,
            18.5170059
          ]
        ]
      },
      "id": "way/1372356980"
    },
    {
      "type": "Feature",
      "properties": {
        "@id": "way/1372356981",
        "highway": "residential",
        "oneway": "yes"
      },
      "geometry": {
        "type": "LineString",
        "coordinates": [
          [
            73.8444223,
            18.5169499
          ],
          [
            73.8441363,
            18.5171405
          ]
        ]
      },
      "id": "way/1372356981"
    },
    {
      "type": "Feature",
      "properties": {
        "@id": "way/1442779516",
        "highway": "tertiary_link",
        "oneway": "yes"
      },
      "geometry": {
        "type": "LineString",
        "coordinates": [
          [
            73.8442374,
            18.5129638
          ],
          [
            73.8442355,
            18.5129085
          ],
          [
            73.8442458,
            18.5128703
          ],
          [
            73.8442629,
            18.5128425
          ],
          [
            73.8442915,
            18.5128225
          ]
        ]
      },
      "id": "way/1442779516"
    },
    {
      "type": "Feature",
      "properties": {
        "@id": "way/1456861362",
        "highway": "tertiary",
        "name": "Bhandarkar Path",
        "name:etymology:wikidata": "Q2623927",
        "name:mr": "भांडारकर पथ",
        "oneway": "no",
        "surface": "asphalt"
      },
      "geometry": {
        "type": "LineString",
        "coordinates": [
          [
            73.841496,
            18.5175812
          ],
          [
            73.8414594,
            18.517584
          ],
          [
            73.8412161,
            18.5176027
          ],
          [
            73.8411006,
            18.5176177
          ],
          [
            73.8410231,
            18.5176278
          ],
          [
            73.8407659,
            18.5176612
          ],
          [
            73.8407212,
            18.517667
          ],
          [
            73.8402338,
            18.5177409
          ],
          [
            73.8401752,
            18.5177498
          ],
          [
            73.8398492,
            18.5177985
          ],
          [
            73.8396603,
            18.5178267
          ],
          [
            73.8394519,
            18.51786
          ],
          [
            73.8390165,
            18.5179228
          ],
          [
            73.8387512,
            18.5179497
          ],
          [
            73.8383365,
            18.5179918
          ],
          [
            73.8382879,
            18.5179967
          ],
          [
            73.8381152,
            18.5180143
          ],
          [
            73.8376311,
            18.5180517
          ],
          [
            73.8374112,
            18.5180641
          ],
          [
            73.8370316,
            18.5180855
          ],
          [
            73.8366666,
            18.5181007
          ],
          [
            73.8366454,
            18.5181013
          ],
          [
            73.8362397,
            18.5181132
          ]
        ]
      },
      "id": "way/1456861362"
    },
    {
      "type": "Feature",
      "properties": {
        "@id": "way/1553766597",
        "alt_name": "Tilak Road",
        "alt_name:mr": "टिळक रस्ता",
        "highway": "secondary",
        "lanes": "2",
        "name": "Lokmanya Tilak Marg",
        "name:en": "Lokmanya Tilak Road",
        "name:etymology:wikidata": "Q312555",
        "name:mr": "लोकमान्य टिळक मार्ग",
        "oneway": "no",
        "surface": "asphalt"
      },
      "geometry": {
        "type": "LineString",
        "coordinates": [
          [
            73.8459983,
            18.5106379
          ],
          [
            73.8451068,
            18.5114324
          ],
          [
            73.8450707,
            18.5114645
          ]
        ]
      },
      "id": "way/1553766597"
    },
    {
      "type": "Feature",
      "properties": {
        "@id": "way/1553766598",
        "alt_name": "Tilak Road",
        "alt_name:mr": "टिळक रस्ता",
        "highway": "secondary",
        "lanes": "2",
        "name": "Lokmanya Tilak Marg",
        "name:en": "Lokmanya Tilak Road",
        "name:etymology:wikidata": "Q312555",
        "name:mr": "लोकमान्य टिळक मार्ग",
        "oneway": "no",
        "surface": "asphalt"
      },
      "geometry": {
        "type": "LineString",
        "coordinates": [
          [
            73.8462835,
            18.5104237
          ],
          [
            73.8459983,
            18.5106379
          ]
        ]
      },
      "id": "way/1553766598"
    },
    {
      "type": "Feature",
      "properties": {
        "@id": "way/1553766599",
        "highway": "tertiary",
        "name": "Baburao Phule Path",
        "name:mr": "बाबुराव फुले पथ",
        "oneway": "yes"
      },
      "geometry": {
        "type": "LineString",
        "coordinates": [
          [
            73.84601,
            18.5105337
          ],
          [
            73.8459983,
            18.5106379
          ]
        ]
      },
      "id": "way/1553766599"
    }
  ]
}